timestamp,activity,accelerometer_x,accelerometer_y,accelerometer_z
2026-10-08T16:05:24.375,No activity,-0.0041961669921875,-0.947113037109375,-0.319427490234375
2026-10-08T16:05:27.378,No activity,0.0248565673828125,-0.95556640625,-0.324920654296875
2026-10-08T16:05:30.382,No activity,-0.0126800537109375,-0.9572906494140625,-0.3134918212890625
2026-10-08T16:05:33.385,No activity,-0.022216796875,-0.9357757568359375,-0.3661651611328125
2026-10-08T16:05:36.395,No activity,-0.0274810791015625,-0.93310546875,-0.359222412109375
2026-10-08T16:05:40.434,No activity,-0.038421630859375,-0.94189453125,-0.35540771484375
2026-10-08T16:05:43.438,No activity,-0.0486907958984375,-0.940582275390625,-0.361358642578125
2026-10-08T16:05:46.442,No activity,-0.0425567626953125,-0.93194580078125,-0.3480224609375
2026-10-08T16:05:49.445,No activity,-0.0186767578125,-0.9446258544921875,-0.334259033203125
2026-10-08T16:05:52.450,No activity,-0.0382232666015625,-0.9467315673828125,-0.3333892822265625
2026-10-08T16:05:55.454,No activity,-0.029571533203125,-0.947601318359375,-0.327911376953125
2026-10-08T16:05:58.458,No activity,-0.03265380859375,-0.9405670166015625,-0.34185791015625
2026-10-08T16:06:01.462,No activity,-0.08795166015625,-0.9365081787109375,-0.2988128662109375
2026-10-08T16:06:04.466,No activity,-0.0266265869140625,-0.9462890625,-0.3363494873046875
2026-10-08T16:06:07.470,No activity,-0.04254150390625,-0.9490203857421875,-0.3018341064453125
2026-10-08T16:06:10.474,No activity,-0.07427978515625,-0.9379119873046875,-0.330078125
2026-10-08T16:06:14.480,No activity,-0.047149658203125,-0.945892333984375,-0.334686279296875
2026-10-08T16:06:17.484,No activity,-0.056243896484375,-0.9453125,-0.319671630859375
2026-10-08T16:06:20.488,No activity,-0.04931640625,-0.9448699951171875,-0.3071441650390625
2026-10-08T16:06:23.493,No activity,-0.035797119140625,-0.9572296142578125,-0.3073883056640625
2026-10-08T16:06:26.497,No activity,-0.0639801025390625,-0.9495849609375,-0.307373046875
2026-10-08T16:06:29.501,No activity,-0.0839996337890625,-0.9407196044921875,-0.3143463134765625
2026-10-08T16:06:32.506,No activity,-0.0474700927734375,-0.954986572265625,-0.293792724609375
2026-10-08T16:06:35.511,No activity,-0.0584564208984375,-0.9493255615234375,-0.3212890625
2026-10-08T16:06:38.515,No activity,-0.0653533935546875,-0.9517669677734375,-0.308135986328125
2026-10-08T16:06:41.520,No activity,-0.0662841796875,-0.9499359130859375,-0.3020782470703125
2026-10-08T16:06:44.525,No activity,-0.0708160400390625,-0.9537200927734375,-0.3000030517578125
2026-10-08T16:06:48.531,No activity,-0.0705413818359375,-0.95294189453125,-0.29986572265625
2026-10-08T16:06:51.535,No activity,-0.0770721435546875,-0.9520263671875,-0.288116455078125
2026-10-08T16:06:54.540,No activity,-0.0580902099609375,-0.9553680419921875,-0.290679931640625
2026-10-08T16:06:57.545,No activity,-0.0476226806640625,-0.9627532958984375,-0.30133056640625
2026-10-08T16:07:00.549,No activity,-0.066741943359375,-0.958221435546875,-0.305389404296875
2026-10-08T16:07:03.552,No activity,-0.0760955810546875,-0.95697021484375,-0.2925567626953125
2026-10-08T16:07:06.556,No activity,-0.080078125,-0.9570465087890625,-0.2952728271484375
2026-10-08T16:07:09.560,No activity,-0.06671142578125,-0.9585418701171875,-0.2242889404296875
2026-10-08T16:07:12.562,No activity,0.0084381103515625,-0.972381591796875,-0.2376251220703125
2026-10-08T16:07:15.566,No activity,-0.0091400146484375,-0.9617462158203125,-0.2766571044921875
2026-10-08T16:07:18.571,No activity,-0.0408477783203125,-0.9637603759765625,-0.265838623046875
2026-10-08T16:07:22.577,No activity,-0.026153564453125,-0.9648895263671875,-0.2397003173828125
2026-10-08T16:07:25.582,No activity,-0.0257415771484375,-0.97003173828125,-0.2511444091796875
2026-10-08T16:07:28.586,No activity,-0.029998779296875,-0.9644775390625,-0.253204345703125
2026-10-08T16:07:31.590,No activity,-0.0142669677734375,-0.9676513671875,-0.2394866943359375
2026-10-08T16:07:34.595,No activity,-0.020111083984375,-0.97607421875,-0.2292327880859375
2026-10-08T16:07:37.599,No activity,-0.0361480712890625,-0.9687957763671875,-0.2391815185546875
2026-10-08T16:07:40.604,No activity,-0.015228271484375,-0.971466064453125,-0.2497711181640625
2026-10-08T16:07:43.608,No activity,-0.029693603515625,-0.968994140625,-0.2425079345703125
2026-10-08T16:07:46.613,No activity,0.0138702392578125,-0.968505859375,-0.3131256103515625
2026-10-08T16:07:49.618,No activity,0.04986572265625,-0.9875030517578125,-0.1456298828125
2026-10-08T16:07:52.621,No activity,-0.1635589599609375,-0.9395904541015625,-0.2781829833984375
2026-10-08T16:07:56.627,No activity,0.042236328125,-0.9716796875,-0.2586669921875
2026-10-08T16:07:59.632,No activity,0.0511016845703125,-0.9757232666015625,-0.2192535400390625
2026-10-08T16:08:02.636,No activity,0.043487548828125,-1.003753662109375,-0.166900634765625
2026-10-08T16:08:05.640,No activity,0.0326080322265625,-0.98150634765625,-0.1929931640625
2026-10-08T16:08:08.645,No activity,0.0152130126953125,-0.988372802734375,-0.216766357421875
2026-10-08T16:08:11.650,No activity,0.026702880859375,-0.9735565185546875,-0.2035064697265625
2026-10-08T16:08:14.654,No activity,0.030242919921875,-0.982513427734375,-0.1944732666015625
2026-10-08T16:08:17.657,No activity,0.040374755859375,-0.9802398681640625,-0.2027435302734375
2026-10-08T16:08:20.661,No activity,0.0504913330078125,-0.972564697265625,-0.1944122314453125
2026-10-08T16:08:23.665,No activity,0.0381622314453125,-0.98406982421875,-0.2018585205078125
2026-10-08T16:08:26.669,No activity,0.0345001220703125,-0.987152099609375,-0.20159912109375
2026-10-08T16:08:30.674,No activity,0.042022705078125,-0.9814453125,-0.20306396484375
2026-10-08T16:08:33.685,No activity,0.04864501953125,-0.975738525390625,-0.1959381103515625
2026-10-08T16:08:36.689,No activity,0.0285491943359375,-0.983795166015625,-0.20477294921875
2026-10-08T16:08:39.693,No activity,0.0393829345703125,-0.978607177734375,-0.1984100341796875
2026-10-08T16:08:42.711,No activity,0.0229339599609375,-0.991455078125,-0.1891326904296875
2026-10-08T16:08:45.716,No activity,0.029327392578125,-0.981597900390625,-0.1996917724609375
2026-10-08T16:08:48.721,No activity,0.0368499755859375,-0.983001708984375,-0.188720703125
2026-10-08T16:08:51.725,No activity,0.0253448486328125,-0.99053955078125,-0.169921875
2026-10-08T16:08:54.729,No activity,0.03436279296875,-0.979736328125,-0.1777191162109375
2026-10-08T16:08:57.733,No activity,0.0241546630859375,-0.9845428466796875,-0.1892242431640625
2026-10-08T16:09:00.737,No activity,0.0337982177734375,-0.9715576171875,-0.22369384765625
2026-10-08T16:09:04.743,No activity,0.01800537109375,-0.991485595703125,-0.18426513671875
2026-10-08T16:09:07.747,No activity,0.032684326171875,-0.979583740234375,-0.196746826171875
2026-10-08T16:09:10.752,No activity,0.040435791015625,-0.980712890625,-0.1765899658203125
2026-10-08T16:09:13.757,No activity,0.0443572998046875,-0.9772491455078125,-0.1822509765625
2026-10-08T16:09:16.761,No activity,0.1245574951171875,-0.9787139892578125,-0.219390869140625
2026-10-08T16:09:19.766,No activity,-0.155181884765625,-0.9509429931640625,-0.2182159423828125
2026-10-08T16:09:22.769,No activity,0.0647125244140625,-0.9891357421875,-0.2448272705078125
2026-10-08T16:09:25.774,No activity,0.0531005859375,-0.981842041015625,-0.22467041015625
2026-10-08T16:09:28.778,No activity,0.00067138671875,-0.9752197265625,-0.2268218994140625
2026-10-08T16:09:31.783,No activity,0.036529541015625,-0.9824676513671875,-0.242767333984375
2026-10-08T16:09:34.785,No activity,-0.001739501953125,-0.9783172607421875,-0.2217559814453125
2026-10-08T16:09:38.792,No activity,-0.0083770751953125,-0.980743408203125,-0.2093505859375
2026-10-08T16:09:41.796,No activity,-0.0048370361328125,-0.9732208251953125,-0.22052001953125
2026-10-08T16:09:44.803,No activity,0.0216522216796875,-0.973419189453125,-0.216949462890625
2026-10-08T16:09:47.807,No activity,0.0187225341796875,-0.9758453369140625,-0.233428955078125
2026-10-08T16:09:50.811,No activity,0.01654052734375,-0.9777679443359375,-0.2151947021484375
2026-10-08T16:09:53.827,No activity,0.0373077392578125,-0.9811248779296875,-0.2043609619140625
2026-10-08T16:09:56.831,No activity,0.03302001953125,-0.984466552734375,-0.201568603515625
2026-10-08T16:09:59.835,No activity,0.0159759521484375,-0.9696044921875,-0.2304229736328125
2026-10-08T16:10:02.839,No activity,0.0409088134765625,-0.9798431396484375,-0.2005157470703125
2026-10-08T16:10:05.844,No activity,0.0160369873046875,-0.980865478515625,-0.1968841552734375
2026-10-08T16:10:08.848,No activity,0.0197906494140625,-0.9792327880859375,-0.2079315185546875
2026-10-08T16:10:12.854,No activity,0.034027099609375,-0.9848480224609375,-0.192596435546875
2026-10-08T16:10:15.859,No activity,0.0131988525390625,-0.9807281494140625,-0.18853759765625
2026-10-08T16:10:18.863,No activity,0.0232391357421875,-0.9844818115234375,-0.199188232421875
2026-10-08T16:10:21.868,No activity,0.021942138671875,-0.9837493896484375,-0.187744140625
2026-10-08T16:10:24.872,No activity,-0.002044677734375,-0.976043701171875,-0.184967041015625
2026-10-08T16:10:27.876,No activity,-0.0014495849609375,-0.98065185546875,-0.19439697265625
2026-10-08T16:10:30.881,No activity,0.0202789306640625,-0.9891204833984375,-0.191070556640625
2026-10-08T16:10:33.885,No activity,0.0018310546875,-0.98858642578125,-0.1943206787109375
2026-10-08T16:10:36.889,No activity,-0.0209197998046875,-0.9791412353515625,-0.2081756591796875
2026-10-08T16:10:39.895,No activity,-0.00823974609375,-0.9869232177734375,-0.1764984130859375
2026-10-08T16:10:42.901,No activity,-0.0094146728515625,-0.9911651611328125,-0.20416259765625
2026-10-08T16:10:46.939,No activity,0.0285491943359375,-0.9873046875,-0.1898193359375
2026-10-08T16:10:49.943,No activity,0.0144805908203125,-0.984222412109375,-0.1802825927734375
2026-10-08T16:10:52.947,No activity,0.0159149169921875,-0.9860992431640625,-0.18841552734375
2026-10-08T16:10:55.952,No activity,-0.0073394775390625,-0.9802398681640625,-0.192169189453125
2026-10-08T16:10:58.956,No activity,0.0061492919921875,-0.9811248779296875,-0.208892822265625
2026-10-08T16:11:01.961,No activity,0.007598876953125,-0.97772216796875,-0.1691741943359375
2026-10-08T16:11:04.965,No activity,0.00762939453125,-0.98699951171875,-0.1957855224609375
2026-10-08T16:11:07.981,Waving,0.006561279296875,-0.9848785400390625,-0.1868438720703125
2026-10-08T16:11:10.985,Waving,0.010711669921875,-0.98419189453125,-0.20269775390625
2026-10-08T16:11:13.989,Waving,-0.03253173828125,-0.9737548828125,-0.2048187255859375
2026-10-08T16:11:16.993,Waving,-0.005126953125,-0.9817657470703125,-0.19342041015625
2026-10-08T16:11:20.999,Waving,-0.06829833984375,-0.9855804443359375,-0.2095947265625
2026-10-08T16:11:24.004,Waving,0.0041046142578125,-0.9776611328125,-0.2436065673828125
2026-10-08T16:11:27.008,Waving,-0.0453338623046875,-0.98736572265625,-0.1591796875
2026-10-08T16:11:30.012,Waving,0.0279693603515625,-0.9870147705078125,-0.291473388671875
2026-10-08T16:11:33.017,Waving,0.0085906982421875,-0.9776153564453125,-0.2949371337890625
2026-10-08T16:11:36.021,Waving,1.52587890625e-05,-0.99432373046875,-0.2232818603515625
2026-10-08T16:11:39.025,Waving,-0.01507568359375,-0.9882354736328125,-0.179534912109375
2026-10-08T16:11:42.030,Waving,-0.0284423828125,-0.9790496826171875,-0.201934814453125
2026-10-08T16:11:45.035,Waving,-0.0225677490234375,-0.9825439453125,-0.1741790771484375
2026-10-08T16:11:48.040,Waving,-0.0254974365234375,-0.9825592041015625,-0.1712799072265625
2026-10-08T16:11:51.044,Waving,-0.0372161865234375,-0.9864044189453125,-0.1843719482421875
2026-10-08T16:11:55.049,Waving,-0.026641845703125,-0.9901580810546875,-0.1605224609375
2026-10-08T16:11:58.053,Waving,-0.030181884765625,-0.9862213134765625,-0.1864471435546875
2026-10-08T16:12:01.058,Waving,-0.0316009521484375,-0.97906494140625,-0.184051513671875
2026-10-08T16:12:04.062,Waving,-0.035614013671875,-0.9875030517578125,-0.1936492919921875
2026-10-08T16:12:07.065,Waving,-0.035186767578125,-0.9770355224609375,-0.1842193603515625
2026-10-08T16:12:10.070,Waving,-0.02728271484375,-0.979736328125,-0.20843505859375
2026-10-08T16:12:13.075,Waving,-0.0246124267578125,-0.9853057861328125,-0.2064971923828125
2026-10-08T16:12:16.079,Waving,-0.0164794921875,-0.9794769287109375,-0.1934967041015625
2026-10-08T16:12:19.084,Waving,-0.0236358642578125,-0.9775390625,-0.203948974609375
2026-10-08T16:12:22.089,Waving,-0.0238189697265625,-0.9859771728515625,-0.20269775390625
2026-10-08T16:12:25.093,Waving,-0.0326385498046875,-0.983184814453125,-0.20037841796875
2026-10-08T16:12:29.099,Waving,-0.1727447509765625,-0.912933349609375,-0.191436767578125
2026-10-08T16:12:32.104,Waving,-0.062408447265625,-0.9608154296875,-0.2461090087890625
2026-10-08T16:12:35.108,Waving,-0.030914306640625,-0.9809417724609375,-0.235137939453125
2026-10-08T16:12:38.113,Waving,-0.065826416015625,-0.978271484375,-0.2123870849609375
2026-10-08T16:12:41.118,Waving,-0.0488739013671875,-0.9779510498046875,-0.2143707275390625
2026-10-08T16:12:44.122,Waving,-0.037567138671875,-0.9820709228515625,-0.2115325927734375
2026-10-08T16:12:47.126,Waving,-0.0388641357421875,-0.9818267822265625,-0.1893768310546875
2026-10-08T16:12:50.131,Waving,-0.05511474609375,-0.9723358154296875,-0.20458984375
2026-10-08T16:12:53.135,Waving,-0.0561981201171875,-0.9774169921875,-0.217010498046875
2026-10-08T16:12:56.140,Waving,-0.04644775390625,-0.9803009033203125,-0.267486572265625
2026-10-08T16:12:59.145,Waving,-0.0512237548828125,-0.9796600341796875,-0.19891357421875
2026-10-08T16:13:03.150,Waving,-0.0559844970703125,-0.975677490234375,-0.213714599609375
2026-10-08T16:13:06.154,Waving,-0.034515380859375,-0.9808807373046875,-0.205078125
2026-10-08T16:13:09.158,Waving,-0.0235748291015625,-0.9788055419921875,-0.2394866943359375
2026-10-08T16:13:12.162,Waving,-0.035797119140625,-0.9787139892578125,-0.210479736328125
2026-10-08T16:13:15.165,Waving,-0.04107666015625,-0.979217529296875,-0.2180633544921875
2026-10-08T16:13:18.170,Waving,-0.0381011962890625,-0.9776763916015625,-0.2183074951171875
2026-10-08T16:13:21.173,Waving,-0.0390167236328125,-0.980255126953125,-0.2032012939453125
2026-10-08T16:13:24.176,Waving,-0.015869140625,-0.9793243408203125,-0.199554443359375
2026-10-08T16:13:27.181,Waving,-0.020904541015625,-0.9741973876953125,-0.2166900634765625
2026-10-08T16:13:30.186,Waving,-0.0365142822265625,-0.9778900146484375,-0.2208709716796875
2026-10-08T16:13:33.190,Waving,-0.0267791748046875,-0.9780426025390625,-0.208648681640625
2026-10-08T16:13:37.196,Waving,-0.0179443359375,-0.9790191650390625,-0.2056121826171875
2026-10-08T16:13:40.200,Waving,-0.0220947265625,-0.9735565185546875,-0.2108306884765625
2026-10-08T16:13:43.205,Waving,-0.0321044921875,-0.9776611328125,-0.205078125
2026-10-08T16:13:46.209,Waving,-0.043975830078125,-0.9731597900390625,-0.2055206298828125
2026-10-08T16:13:49.213,Waving,-0.02838134765625,-0.98040771484375,-0.2286224365234375
2026-10-08T16:13:52.218,Waving,-0.0096893310546875,-0.9837493896484375,-0.18817138671875
2026-10-08T16:13:55.223,Waving,-0.0501708984375,-0.976226806640625,-0.201416015625
2026-10-08T16:13:58.227,Waving,-0.0123138427734375,-0.960479736328125,-0.1457672119140625
2026-10-08T16:14:01.232,Waving,0.029815673828125,-0.994598388671875,-0.185791015625
2026-10-08T16:14:04.236,Waving,0.03375244140625,-0.9838714599609375,-0.198272705078125
2026-10-08T16:14:07.240,Waving,0.0198822021484375,-0.97796630859375,-0.186981201171875
2026-10-08T16:14:11.246,Waving,0.0092926025390625,-0.9773101806640625,-0.1967620849609375
2026-10-08T16:14:14.250,Waving,0.0098876953125,-0.989501953125,-0.2164459228515625
2026-10-08T16:14:17.255,Waving,0.00567626953125,-0.983673095703125,-0.1868438720703125
2026-10-08T16:14:20.258,Waving,0.010009765625,-0.9854736328125,-0.20068359375
2026-10-08T16:14:23.263,Waving,0.0069732666015625,-0.9785614013671875,-0.196533203125
2026-10-08T16:14:26.267,Waving,0.0048065185546875,-0.9828033447265625,-0.2079315185546875
2026-10-08T16:14:29.273,Waving,0.0066375732421875,-0.9832916259765625,-0.1949310302734375
2026-10-08T16:14:32.276,Waving,0.005523681640625,-0.9814453125,-0.20391845703125
2026-10-08T16:14:35.282,Waving,0.0072479248046875,-0.9800567626953125,-0.20623779296875
2026-10-08T16:14:38.287,Waving,0.003997802734375,-0.981964111328125,-0.198974609375
2026-10-08T16:14:41.291,Waving,0.0003662109375,-0.98297119140625,-0.1938018798828125
2026-10-08T16:14:45.298,Waving,0.0033416748046875,-0.982086181640625,-0.18817138671875
2026-10-08T16:14:48.301,Waving,0.0060882568359375,-0.9805450439453125,-0.18548583984375
2026-10-08T16:14:51.306,Waving,0.002685546875,-0.9821929931640625,-0.193572998046875
2026-10-08T16:14:54.310,Waving,0.0084991455078125,-0.987548828125,-0.198272705078125
2026-10-08T16:14:57.314,Waving,0.00213623046875,-0.980987548828125,-0.195648193359375
2026-10-08T16:15:00.319,Waving,0.0055694580078125,-0.9766082763671875,-0.21826171875
2026-10-08T16:15:03.324,Waving,0.0053558349609375,-0.9793243408203125,-0.216796875
2026-10-08T16:15:06.329,Waving,0.017364501953125,-0.9982757568359375,-0.1733245849609375
2026-10-08T16:15:09.334,Waving,-0.001068115234375,-0.982269287109375,-0.19293212890625
2026-10-08T16:15:12.338,Waving,0.0022735595703125,-0.981842041015625,-0.1837310791015625
2026-10-08T16:15:15.343,Waving,0.0005035400390625,-0.9830169677734375,-0.1920928955078125
2026-10-08T16:15:19.349,Waving,0.000823974609375,-0.9841156005859375,-0.19647216796875
2026-10-08T16:15:22.353,Waving,0.001556396484375,-0.9827728271484375,-0.195556640625
2026-10-08T16:15:25.358,Waving,0.007293701171875,-0.9840850830078125,-0.185943603515625
2026-10-08T16:15:28.362,Waving,0.005584716796875,-0.984222412109375,-0.1784820556640625
2026-10-08T16:15:31.366,Waving,0.009674072265625,-0.986358642578125,-0.184783935546875
2026-10-08T16:15:34.371,Shaking,0.0020904541015625,-0.9821624755859375,-0.181396484375
2026-10-08T16:15:37.375,Shaking,-0.0013885498046875,-0.97900390625,-0.24285888671875
2026-10-08T16:15:40.380,Shaking,0.0058746337890625,-0.979278564453125,-0.2245941162109375
2026-10-08T16:15:43.385,Shaking,0.005584716796875,-0.9752349853515625,-0.2006378173828125
2026-10-08T16:15:46.389,Shaking,0.0092620849609375,-0.984588623046875,-0.1793365478515625
2026-10-08T16:15:49.394,Shaking,0.0066070556640625,-0.979156494140625,-0.204803466796875
2026-10-08T16:15:53.410,Shaking,-0.0009002685546875,-0.9777679443359375,-0.2024993896484375
2026-10-08T16:15:56.436,Shaking,0.002685546875,-0.98095703125,-0.2052764892578125
2026-10-08T16:15:59.451,Shaking,0.0046539306640625,-0.980499267578125,-0.1971588134765625
2026-10-08T16:16:02.455,Shaking,0.0010833740234375,-0.98175048828125,-0.2053375244140625
2026-10-08T16:16:05.459,Shaking,0.00518798828125,-0.9811248779296875,-0.20806884765625
2026-10-08T16:16:08.463,Shaking,0.0064697265625,-0.9824676513671875,-0.2003631591796875
2026-10-08T16:16:11.467,Shaking,0.0001983642578125,-0.9789276123046875,-0.2149810791015625
2026-10-08T16:16:14.472,Shaking,-0.00213623046875,-0.977264404296875,-0.2157135009765625
2026-10-08T16:16:17.476,Shaking,-0.00054931640625,-0.9751739501953125,-0.2269439697265625
2026-10-08T16:16:20.480,Shaking,0.0011749267578125,-0.9745941162109375,-0.2245330810546875
2026-10-08T16:16:23.485,Shaking,0.0562896728515625,-0.9619903564453125,-0.2301025390625
2026-10-08T16:16:27.490,Shaking,-0.0797882080078125,-0.9673309326171875,-0.187591552734375
2026-10-08T16:16:30.495,Shaking,0.1402435302734375,-0.985260009765625,-0.1093597412109375
2026-10-08T16:16:33.499,Shaking,0.0332794189453125,-0.9376983642578125,-0.336944580078125
2026-10-08T16:16:36.504,Shaking,0.052001953125,-0.93280029296875,-0.3141021728515625
2026-10-08T16:16:39.508,Shaking,0.0450592041015625,-0.9326324462890625,-0.3426971435546875
2026-10-08T16:16:42.513,Shaking,0.0494232177734375,-0.9454193115234375,-0.308563232421875
2026-10-08T16:16:45.517,Shaking,0.053314208984375,-0.947723388671875,-0.3141021728515625
2026-10-08T16:16:48.521,Shaking,0.07171630859375,-0.9405670166015625,-0.311614990234375
2026-10-08T16:16:51.525,Shaking,0.053192138671875,-0.9493255615234375,-0.3178253173828125
2026-10-08T16:16:54.529,Shaking,0.06536865234375,-0.95037841796875,-0.2849578857421875
2026-10-08T16:16:57.534,Shaking,0.064544677734375,-0.958404541015625,-0.272003173828125
2026-10-08T16:17:01.539,Shaking,0.0696258544921875,-0.9548797607421875,-0.283599853515625
2026-10-08T16:17:04.541,Shaking,0.068450927734375,-0.9586944580078125,-0.2745819091796875
2026-10-08T16:17:07.542,Shaking,0.0619964599609375,-0.96429443359375,-0.273529052734375
2026-10-08T16:17:10.542,Shaking,0.060302734375,-0.9633941650390625,-0.280059814453125
2026-10-08T16:17:13.543,Shaking,0.0716400146484375,-0.9629974365234375,-0.258544921875
2026-10-08T16:17:16.544,Shaking,0.05987548828125,-0.9686431884765625,-0.2671661376953125
2026-10-08T16:17:19.546,Shaking,0.0800628662109375,-0.9593963623046875,-0.25079345703125
2026-10-08T16:17:22.550,Shaking,0.0756378173828125,-0.964752197265625,-0.2543792724609375
2026-10-08T16:17:25.553,Shaking,0.0683746337890625,-0.961212158203125,-0.2599639892578125
2026-10-08T16:17:28.557,Shaking,0.0712738037109375,-0.96337890625,-0.254638671875
2026-10-08T16:17:31.559,Shaking,0.0702362060546875,-0.964691162109375,-0.24627685546875
2026-10-08T16:17:35.564,Shaking,0.0795745849609375,-0.968475341796875,-0.2279052734375
2026-10-08T16:17:38.568,Shaking,0.075286865234375,-0.970733642578125,-0.2363128662109375
2026-10-08T16:17:41.571,Shaking,0.0734405517578125,-0.9723968505859375,-0.23040771484375
2026-10-08T16:17:44.575,Shaking,0.0679779052734375,-0.974639892578125,-0.2285614013671875
2026-10-08T16:17:47.578,Shaking,0.0790863037109375,-0.972320556640625,-0.2318878173828125
2026-10-08T16:17:50.582,Shaking,0.0869903564453125,-0.968597412109375,-0.2279052734375
2026-10-08T16:17:53.587,Shaking,0.074188232421875,-0.9700164794921875,-0.23736572265625
2026-10-08T16:17:56.591,Shaking,0.0704803466796875,-0.9756011962890625,-0.21722412109375
2026-10-08T16:17:59.594,Shaking,0.054595947265625,-0.971221923828125,-0.237030029296875
2026-10-08T16:18:02.598,Shaking,0.0799102783203125,-0.95806884765625,-0.2233734130859375
2026-10-08T16:18:05.602,Shaking,0.059600830078125,-0.9719085693359375,-0.240478515625
2026-10-08T16:18:09.607,Shaking,0.092498779296875,-0.9385833740234375,-0.342193603515625
2026-10-08T16:18:12.611,Shaking,0.0792236328125,-0.9567413330078125,-0.3192596435546875
2026-10-08T16:18:15.615,Shaking,0.0850830078125,-0.946380615234375,-0.326873779296875
2026-10-08T16:18:18.619,Shaking,0.0782623291015625,-0.9531097412109375,-0.317596435546875
2026-10-08T16:18:21.632,Shaking,0.08782958984375,-0.946044921875,-0.3087310791015625
2026-10-08T16:18:24.636,Shaking,0.0792236328125,-0.94427490234375,-0.3231964111328125
2026-10-08T16:18:27.639,Shaking,0.0636444091796875,-0.9422149658203125,-0.3463897705078125
2026-10-08T16:18:30.643,Shaking,0.0763702392578125,-0.9382171630859375,-0.339324951171875
2026-10-08T16:18:33.647,Shaking,0.075286865234375,-0.93829345703125,-0.3463134765625
2026-10-08T16:18:36.652,Shaking,0.0735931396484375,-0.9402618408203125,-0.3419952392578125
2026-10-08T16:18:39.657,Shaking,0.0582122802734375,-0.9410552978515625,-0.3051605224609375
2026-10-08T16:18:43.663,Shaking,0.0484619140625,-0.952178955078125,-0.3087615966796875
2026-10-08T16:18:46.668,Shaking,0.063232421875,-0.8497467041015625,-0.384979248046875
2026-10-08T16:18:49.673,Shaking,0.114959716796875,-0.9778900146484375,-0.22491455078125
2026-10-08T16:18:52.677,Shaking,0.048828125,-0.93377685546875,-0.3392486572265625
2026-10-08T16:18:55.680,Shaking,0.03070068359375,-0.9520416259765625,-0.3211212158203125
2026-10-08T16:18:58.685,Shaking,0.0268096923828125,-0.95306396484375,-0.32000732421875
2026-10-08T16:19:01.689,Shaking,-0.0010986328125,-0.98907470703125,-0.3268280029296875
2026-10-08T16:19:04.715,Shaking,0.147308349609375,-0.937591552734375,-0.2420501708984375
2026-10-08T16:19:07.719,Shaking,-0.02825927734375,-0.9615936279296875,-0.1351165771484375
2026-10-08T16:19:10.724,Shaking,0.074859619140625,-0.974609375,-0.2984161376953125
2026-10-08T16:19:13.727,Shaking,-0.0164642333984375,-0.9505157470703125,-0.2719268798828125
2026-10-08T16:19:17.732,Shaking,0.01409912109375,-0.9831390380859375,-0.2154998779296875
2026-10-08T16:19:20.736,Shaking,-0.0524749755859375,-0.952484130859375,-0.30023193359375
2026-10-08T16:19:23.741,Shaking,-0.0047454833984375,-0.9673919677734375,-0.243133544921875
2026-10-08T16:19:26.745,Shaking,0.0001068115234375,-0.9639892578125,-0.2819976806640625
2026-10-08T16:19:29.750,Shaking,-0.0179443359375,-0.9613189697265625,-0.2751617431640625
2026-10-08T16:19:32.755,Shaking,-0.0068206787109375,-0.9601593017578125,-0.2806549072265625
2026-10-08T16:19:35.757,Shaking,-0.010894775390625,-0.9575653076171875,-0.287445068359375
2026-10-08T16:19:38.760,Shaking,0.01385498046875,-0.9637298583984375,-0.2770538330078125
2026-10-08T16:19:41.763,Shaking,-0.0082855224609375,-0.954193115234375,-0.2873992919921875
2026-10-08T16:19:44.764,Shaking,-0.008758544921875,-0.953826904296875,-0.310028076171875
2026-10-08T16:19:47.767,Shaking,-0.000518798828125,-0.9603118896484375,-0.3202972412109375
2026-10-08T16:19:51.770,Shaking,-0.0211181640625,-0.9556732177734375,-0.2873382568359375
2026-10-08T16:19:54.773,Shaking,0.0011138916015625,-0.9710845947265625,-0.26715087890625
2026-10-08T16:19:57.775,Shaking,-0.00970458984375,-0.979217529296875,-0.256744384765625
2026-10-08T16:20:00.777,Shaking,-0.02685546875,-0.9640655517578125,-0.256195068359375
2026-10-08T16:20:03.778,Shaking,-0.032562255859375,-0.9665069580078125,-0.25640869140625
2026-10-08T16:20:06.780,Shaking,-0.011199951171875,-0.9786834716796875,-0.2083892822265625
2026-10-08T16:20:09.784,Shaking,-0.04998779296875,-0.9641265869140625,-0.2604827880859375
2026-10-08T16:20:12.788,Shaking,-0.03472900390625,-0.970855712890625,-0.264434814453125
2026-10-08T16:20:15.794,Shaking,-0.0560150146484375,-0.9659576416015625,-0.2498016357421875
2026-10-08T16:20:18.797,Shaking,-0.05511474609375,-0.966552734375,-0.229034423828125
2026-10-08T16:20:21.800,Shaking,-0.0577850341796875,-0.9660186767578125,-0.23712158203125
2026-10-08T16:20:25.805,Shaking,-0.0433197021484375,-0.9683685302734375,-0.2583770751953125
2026-10-08T16:20:28.811,Shaking,-0.0417633056640625,-0.967620849609375,-0.252349853515625
2026-10-08T16:20:31.815,No activity,-0.0409088134765625,-0.9719696044921875,-0.225921630859375
2026-10-08T16:20:34.820,No activity,-0.062896728515625,-0.963592529296875,-0.2473297119140625
2026-10-08T16:20:37.825,No activity,-0.0485687255859375,-0.96685791015625,-0.24310302734375
2026-10-08T16:20:40.829,No activity,-0.037811279296875,-0.9707489013671875,-0.2472076416015625
2026-10-08T16:20:43.833,No activity,-0.0442657470703125,-0.9759521484375,-0.2250213623046875
2026-10-08T16:20:46.838,No activity,-0.056915283203125,-0.9699249267578125,-0.2370758056640625
2026-10-08T16:20:49.843,No activity,-0.068450927734375,-0.9571075439453125,-0.249786376953125
2026-10-08T16:20:52.847,No activity,-0.035430908203125,-0.9709014892578125,-0.222076416015625
2026-10-08T16:20:55.851,No activity,-0.044342041015625,-0.9640960693359375,-0.2482757568359375
2026-10-08T16:20:58.855,No activity,-0.049285888671875,-0.9690399169921875,-0.22222900390625
2026-10-08T16:21:02.859,No activity,-0.0335235595703125,-0.9741668701171875,-0.237548828125
2026-10-08T16:21:05.865,No activity,-0.052520751953125,-0.9713592529296875,-0.2237548828125
2026-10-08T16:21:08.870,No activity,-0.037750244140625,-0.9717254638671875,-0.2248077392578125
2026-10-08T16:21:11.892,No activity,-0.034515380859375,-0.9756011962890625,-0.223663330078125
2026-10-08T16:21:14.897,No activity,-0.032806396484375,-0.97857666015625,-0.2203826904296875
2026-10-08T16:21:17.900,No activity,-0.043914794921875,-0.9743194580078125,-0.234375
2026-10-08T16:21:20.904,No activity,-0.0306243896484375,-0.9718780517578125,-0.2280120849609375
2026-10-08T16:21:23.909,No activity,-0.0375823974609375,-0.9734954833984375,-0.23431396484375
2026-10-08T16:21:26.913,No activity,-0.04388427734375,-0.973968505859375,-0.2210235595703125
2026-10-08T16:21:29.918,No activity,-0.0390625,-0.974456787109375,-0.2243499755859375
2026-10-08T16:21:32.922,No activity,-0.04925537109375,-0.975433349609375,-0.2216644287109375
2026-10-08T16:21:36.927,No activity,-0.0404815673828125,-0.9757080078125,-0.212677001953125
2026-10-08T16:21:39.931,No activity,-0.0464630126953125,-0.97265625,-0.23291015625
2026-10-08T16:21:42.935,No activity,-0.0474700927734375,-0.9762420654296875,-0.2078704833984375
2026-10-08T16:21:45.939,No activity,-0.0363616943359375,-0.975341796875,-0.22979736328125
2026-10-08T16:21:48.944,No activity,0.0194244384765625,-0.98565673828125,-0.2404022216796875
2026-10-08T16:21:51.949,No activity,-0.0227813720703125,-0.9517059326171875,-0.2481842041015625
2026-10-08T16:21:54.953,No activity,-0.005859375,-0.9706573486328125,-0.2216339111328125
2026-10-08T16:21:57.958,No activity,0.0350799560546875,-0.9803466796875,-0.237396240234375
2026-10-08T16:22:00.961,No activity,0.0195159912109375,-0.9705963134765625,-0.252655029296875
2026-10-08T16:22:03.966,No activity,0.0076141357421875,-0.971160888671875,-0.244110107421875
2026-10-08T16:22:06.969,No activity,0.0341796875,-0.97479248046875,-0.239349365234375
2026-10-08T16:22:10.975,No activity,0.014678955078125,-0.97760009765625,-0.230712890625
2026-10-08T16:22:13.979,No activity,0.0070648193359375,-0.97552490234375,-0.230010986328125
2026-10-08T16:22:16.984,No activity,0.028594970703125,-0.9768524169921875,-0.2202301025390625
2026-10-08T16:22:19.988,No activity,0.012176513671875,-0.9736328125,-0.22503662109375
2026-10-08T16:22:22.993,No activity,-0.001861572265625,-0.969970703125,-0.2344818115234375
2026-10-08T16:22:25.997,No activity,0.011993408203125,-0.9769287109375,-0.222137451171875
2026-10-08T16:22:29.001,No activity,-0.0302886962890625,-0.9473724365234375,-0.2000274658203125
2026-10-08T16:22:32.005,No activity,-0.212890625,-0.938720703125,-0.3712005615234375
2026-10-08T16:22:35.008,No activity,-2.266632080078125,0.7301788330078125,-0.886749267578125
2026-10-08T16:22:38.012,No activity,2.0056304931640625,1.1189117431640625,-0.618560791015625
2026-10-08T16:22:41.016,No activity,0.41546630859375,0.62884521484375,-0.968536376953125
2026-10-08T16:22:45.021,No activity,-2.926849365234375,1.2937164306640625,-0.68914794921875
2026-10-08T16:22:48.026,No activity,1.35345458984375,-0.115692138671875,-0.0255126953125
2026-10-08T16:22:51.029,No activity,-4.8870086669921875,2.274505615234375,-2.552642822265625
2026-10-08T16:22:54.032,No activity,2.925689697265625,0.0247650146484375,0.15728759765625
2026-10-08T16:22:57.037,No activity,-3.7171783447265625,2.04766845703125,-1.4681243896484375
2026-10-08T16:23:00.041,No activity,1.3028411865234375,0.0979156494140625,-0.128021240234375
2026-10-08T16:23:03.046,No activity,-2.8540496826171875,1.775909423828125,-2.8080596923828125
2026-10-08T16:23:06.050,No activity,-0.9734039306640625,1.358673095703125,-1.666046142578125
2026-10-08T16:23:09.054,No activity,1.1825714111328125,-0.0552825927734375,-0.021697998046875
2026-10-08T16:23:12.058,No activity,-3.2165069580078125,1.491790771484375,-0.8966827392578125
2026-10-08T16:23:15.063,No activity,1.87579345703125,-0.2159881591796875,0.7874908447265625
2026-10-08T16:23:19.067,No activity,-0.648651123046875,-0.3407440185546875,-0.475799560546875
2026-10-08T16:23:22.072,No activity,-0.8850250244140625,-0.197998046875,-0.6066131591796875
2026-10-08T16:23:25.077,No activity,-2.7021636962890625,-0.00396728515625,-0.238983154296875
2026-10-08T16:23:28.080,No activity,0.455657958984375,0.36358642578125,-0.7962646484375
2026-10-08T16:23:31.085,No activity,-2.839599609375,1.4081878662109375,-1.035797119140625
2026-10-08T16:23:34.090,No activity,1.1601409912109375,0.524688720703125,0.09918212890625
2026-10-08T16:23:37.094,No activity,-2.3108062744140625,2.0318603515625,-1.1106414794921875
2026-10-08T16:23:40.097,No activity,1.38641357421875,-0.1610870361328125,1.0738983154296875
2026-10-08T16:23:43.102,No activity,-2.971435546875,1.73828125,-0.7215423583984375
2026-10-08T16:23:46.106,No activity,-1.965606689453125,1.2962799072265625,-0.68243408203125
2026-10-08T16:23:49.111,No activity,0.63232421875,1.26611328125,-0.4963531494140625
2026-10-08T16:23:53.116,No activity,1.326873779296875,-0.3733367919921875,0.6602783203125
2026-10-08T16:23:56.120,No activity,0.0152435302734375,0.6620025634765625,-0.87518310546875
2026-10-08T16:23:59.124,No activity,-2.8095245361328125,1.6356201171875,-1.077667236328125
2026-10-08T16:24:02.128,No activity,-2.015380859375,-0.0157623291015625,-0.7333526611328125
2026-10-08T16:24:05.132,No activity,-1.507781982421875,-0.0599212646484375,-0.84619140625
2026-10-08T16:24:08.136,No activity,0.03424072265625,0.2830810546875,-0.2934417724609375
2026-10-08T16:24:11.141,No activity,-0.6959686279296875,0.0458221435546875,-0.548553466796875
2026-10-08T16:24:14.154,No activity,-1.9796905517578125,-0.43170166015625,-0.7400665283203125
2026-10-08T16:24:17.158,No activity,-0.2253875732421875,0.0049285888671875,-0.3343505859375
2026-10-08T16:24:20.163,No activity,-0.4130706787109375,0.1372833251953125,-0.274871826171875
2026-10-08T16:24:23.167,No activity,-2.2225494384765625,-0.659637451171875,-0.17816162109375
2026-10-08T16:24:27.172,No activity,-0.3798065185546875,0.0070037841796875,-0.2795562744140625
2026-10-08T16:24:30.176,No activity,-0.200225830078125,0.1512451171875,-0.2894134521484375
2026-10-08T16:24:33.181,No activity,-1.422607421875,-0.700347900390625,-0.5049285888671875
2026-10-08T16:24:36.185,No activity,-0.541015625,0.0904998779296875,0.0969085693359375
2026-10-08T16:24:39.191,No activity,0.8394317626953125,-0.3187408447265625,0.2674713134765625
2026-10-08T16:24:42.196,No activity,-2.4442596435546875,1.368743896484375,-1.0989227294921875
2026-10-08T16:24:45.200,No activity,-0.5124664306640625,1.3266143798828125,-1.54315185546875
2026-10-08T16:24:48.204,No activity,0.7602081298828125,-0.0047607421875,-0.232452392578125
2026-10-08T16:24:51.209,No activity,-3.34765625,0.9274749755859375,-0.3689727783203125
2026-10-08T16:24:54.212,No activity,1.93719482421875,0.1838531494140625,0.0011138916015625
2026-10-08T16:24:57.241,No activity,-2.081512451171875,1.707794189453125,-1.567413330078125
2026-10-08T16:25:01.246,No activity,2.6796417236328125,0.207763671875,0.2478485107421875
2026-10-08T16:25:04.251,No activity,2.852996826171875,3.0498504638671875,-1.3687896728515625
2026-10-08T16:25:07.255,No activity,2.369964599609375,1.6416473388671875,-0.211761474609375
2026-10-08T16:25:10.259,No activity,-3.14752197265625,2.243194580078125,-0.95050048828125
2026-10-08T16:25:13.263,No activity,0.2669677734375,2.3554840087890625,-1.9264373779296875
2026-10-08T16:25:16.268,No activity,1.90777587890625,1.2238006591796875,-0.675750732421875
2026-10-08T16:25:19.272,No activity,-3.665191650390625,2.56585693359375,1.469573974609375
2026-10-08T16:25:22.277,No activity,2.5688323974609375,0.1172332763671875,1.0368194580078125
2026-10-08T16:25:25.281,No activity,-1.8830718994140625,2.2241668701171875,-1.7440338134765625
2026-10-08T16:25:29.287,No activity,-1.3660736083984375,2.988067626953125,-2.3587799072265625
2026-10-08T16:25:32.291,Waving,1.2586212158203125,1.293792724609375,-0.5119171142578125
2026-10-08T16:25:35.296,Waving,-3.37957763671875,3.282867431640625,-2.2355194091796875
2026-10-08T16:25:38.301,Waving,1.5030517578125,0.2308349609375,0.1470489501953125
2026-10-08T16:25:41.305,Waving,-4.1538238525390625,2.8726959228515625,-0.2029876708984375
2026-10-08T16:25:44.309,Waving,1.29156494140625,0.102691650390625,-0.421875
2026-10-08T16:25:47.314,Waving,-4.1956329345703125,2.556610107421875,-0.2092132568359375
2026-10-08T16:25:50.318,Waving,1.0138702392578125,0.33843994140625,-0.7742462158203125
2026-10-08T16:25:53.323,Waving,-0.9144439697265625,-0.3248138427734375,0.0084991455078125
2026-10-08T16:25:56.328,Waving,0.169647216796875,0.2965087890625,-0.2503204345703125
2026-10-08T16:25:59.333,Waving,-2.477508544921875,-1.0142822265625,-1.009185791015625
2026-10-08T16:26:03.339,Waving,0.012847900390625,0.3689117431640625,-0.6660003662109375
2026-10-08T16:26:06.343,Waving,-1.3717803955078125,-0.495819091796875,-0.6436309814453125
2026-10-08T16:26:09.347,Waving,-0.322540283203125,-0.1808929443359375,-0.5661468505859375
2026-10-08T16:26:12.352,Waving,0.3568267822265625,0.1568145751953125,-0.2620391845703125
2026-10-08T16:26:15.356,Waving,-1.3686370849609375,-1.0074615478515625,-0.5294647216796875
2026-10-08T16:26:18.364,Waving,0.3430023193359375,0.1910552978515625,-0.33148193359375
2026-10-08T16:26:21.368,Waving,-2.16217041015625,-1.54486083984375,-0.325592041015625
2026-10-08T16:26:24.397,Waving,-0.2962799072265625,0.139312744140625,-0.18994140625
2026-10-08T16:26:27.401,Waving,0.0048370361328125,0.09619140625,-0.876983642578125
2026-10-08T16:26:30.405,Waving,-1.5086822509765625,0.928314208984375,-0.943756103515625
2026-10-08T16:26:33.409,Waving,0.92767333984375,-0.1737213134765625,0.4413909912109375
2026-10-08T16:26:37.416,Waving,-2.0417327880859375,1.3980712890625,-0.54730224609375
2026-10-08T16:26:40.420,Waving,0.700225830078125,-0.1036224365234375,0.4254913330078125
2026-10-08T16:26:43.423,Waving,-0.1901092529296875,-0.0989990234375,-0.011871337890625
2026-10-08T16:26:46.427,Waving,-0.953216552734375,-0.2070159912109375,0.006011962890625
2026-10-08T16:26:49.450,Waving,0.647064208984375,-0.0939483642578125,-0.21807861328125
2026-10-08T16:26:52.465,Waving,-3.9198455810546875,1.6187896728515625,-1.13482666015625
2026-10-08T16:26:55.469,Waving,1.541961669921875,-0.30670166015625,0.0439910888671875
2026-10-08T16:26:58.472,Waving,-2.6437835693359375,1.592864990234375,-1.1411895751953125
2026-10-08T16:27:01.476,Waving,1.1464996337890625,-0.3342742919921875,0.1934356689453125
2026-10-08T16:27:04.478,Waving,-2.200042724609375,1.5454254150390625,-1.11004638671875
2026-10-08T16:27:07.482,Waving,0.43145751953125,0.7954559326171875,-0.481048583984375
2026-10-08T16:27:11.484,Waving,-0.93548583984375,1.4183807373046875,-1.109375
2026-10-08T16:27:14.486,Waving,0.77935791015625,0.465850830078125,-0.2766265869140625
2026-10-08T16:27:17.490,Waving,-1.5409698486328125,1.23333740234375,-0.7006378173828125
2026-10-08T16:27:20.494,Waving,-0.729278564453125,-0.2459716796875,0.0390472412109375
2026-10-08T16:27:23.498,Waving,-2.944915771484375,2.1776885986328125,-1.7074737548828125
2026-10-08T16:27:26.533,Waving,0.7183837890625,0.3897857666015625,-0.2663421630859375
2026-10-08T16:27:29.538,Waving,-2.5475311279296875,0.8194122314453125,-1.81854248046875
2026-10-08T16:27:32.542,Waving,-1.0369415283203125,-0.2924346923828125,-0.317291259765625
2026-10-08T16:27:35.547,Waving,0.22607421875,0.1243896484375,-0.425201416015625
2026-10-08T16:27:38.552,Waving,-2.6995697021484375,-0.948486328125,-1.160125732421875
2026-10-08T16:27:41.555,Waving,0.4062652587890625,0.1882171630859375,-0.1884918212890625
2026-10-08T16:27:45.561,Waving,-2.7806243896484375,-1.375885009765625,-1.37841796875
2026-10-08T16:27:48.565,Waving,0.12774658203125,0.063720703125,-0.282501220703125
2026-10-08T16:27:51.570,Waving,-0.9129638671875,-0.446044921875,-0.8600616455078125
2026-10-08T16:27:54.573,Waving,0.0529632568359375,-0.2459259033203125,-0.401947021484375
2026-10-08T16:27:57.578,Waving,-1.1926422119140625,-0.7599029541015625,-0.8380126953125
2026-10-08T16:28:00.582,Waving,-0.2261810302734375,-0.2781829833984375,-0.31805419921875
2026-10-08T16:28:03.586,Waving,0.561492919921875,0.3616180419921875,-0.3255767822265625
2026-10-08T16:28:06.590,Waving,-3.050537109375,-0.786956787109375,-1.901336669921875
2026-10-08T16:28:09.594,Waving,0.1669464111328125,0.0643463134765625,-0.0443572998046875
2026-10-08T16:28:12.599,Waving,-0.5585174560546875,0.0926971435546875,-0.61651611328125
2026-10-08T16:28:15.604,Waving,1.48046875,-0.656707763671875,0.5342864990234375
2026-10-08T16:28:19.609,Waving,-1.2593231201171875,1.1297607421875,-0.7241668701171875
2026-10-08T16:28:22.614,Waving,-1.9232177734375,1.5573577880859375,-0.319854736328125
2026-10-08T16:28:25.619,Waving,-1.7824859619140625,1.6894378662109375,-1.0675811767578125
2026-10-08T16:28:28.624,Waving,-0.86566162109375,1.0494842529296875,-0.9607086181640625
2026-10-08T16:28:31.628,Waving,-0.40740966796875,0.455657958984375,-0.039276123046875
2026-10-08T16:28:34.632,Waving,-0.931365966796875,-0.3518829345703125,-0.4849090576171875
2026-10-08T16:28:37.637,Waving,-1.811981201171875,1.09991455078125,-0.589752197265625
2026-10-08T16:28:40.640,Waving,-1.0611572265625,0.733551025390625,-0.323455810546875
2026-10-08T16:28:43.645,Waving,0.453826904296875,-0.1689910888671875,0.1970367431640625
2026-10-08T16:28:46.649,Waving,0.9162139892578125,-0.6852569580078125,0.2420654296875
2026-10-08T16:28:49.654,Waving,0.4527130126953125,-0.137725830078125,-0.1377410888671875
2026-10-08T16:28:53.661,Waving,-0.2163848876953125,1.1979522705078125,-0.727203369140625
2026-10-08T16:28:56.665,Waving,-3.180023193359375,1.7660675048828125,-0.79107666015625
2026-10-08T16:28:59.672,Waving,-2.113189697265625,1.3878021240234375,-0.4823455810546875
2026-10-08T16:29:02.676,Waving,-1.0719146728515625,0.8813018798828125,-0.926849365234375
2026-10-08T16:29:05.681,Waving,0.047088623046875,-0.1789703369140625,-0.2086944580078125
2026-10-08T16:29:08.684,Waving,0.9211273193359375,-0.3081207275390625,0.2986907958984375
2026-10-08T16:29:11.689,Waving,-1.453125,1.66607666015625,-1.1271514892578125
2026-10-08T16:29:14.721,Waving,-1.01788330078125,0.1303253173828125,-0.92578125
2026-10-08T16:29:17.725,Waving,0.395172119140625,-0.936431884765625,-0.8070068359375
2026-10-08T16:29:20.728,Waving,0.004974365234375,-0.0698394775390625,0.1133270263671875
2026-10-08T16:29:23.731,Waving,-0.945220947265625,-0.40985107421875,-0.0176849365234375
2026-10-08T16:29:27.735,Waving,0.0157928466796875,0.351959228515625,-0.4480133056640625
2026-10-08T16:29:30.738,Waving,3.0589141845703125,1.1918487548828125,-0.8511199951171875
2026-10-08T16:29:33.740,Waving,1.298797607421875,0.6360931396484375,-0.4887542724609375
2026-10-08T16:29:36.742,Waving,-0.8552093505859375,-0.4691925048828125,0.130462646484375
2026-10-08T16:29:39.746,Waving,3.1631011962890625,2.334625244140625,-0.487945556640625
2026-10-08T16:29:42.749,Waving,0.532073974609375,0.79241943359375,-0.722991943359375
2026-10-08T16:29:45.751,Waving,-1.9669952392578125,0.48028564453125,0.185638427734375
2026-10-08T16:29:48.754,Waving,-0.6943359375,0.116729736328125,0.2941131591796875
2026-10-08T16:29:51.757,Waving,-0.33135986328125,0.66070556640625,-0.8104705810546875
2026-10-08T16:29:54.760,Waving,2.3516693115234375,1.2151031494140625,-0.47540283203125
2026-10-08T16:29:57.762,Waving,1.8138427734375,0.9451446533203125,-0.2134857177734375
2026-10-08T16:30:01.763,Waving,-0.7075958251953125,0.9773712158203125,-0.918701171875
2026-10-08T16:30:04.768,Waving,-0.857635498046875,0.2579345703125,0.488128662109375
2026-10-08T16:30:07.773,Waving,3.582733154296875,2.387908935546875,-1.756256103515625
2026-10-08T16:30:10.777,Waving,2.5214996337890625,1.277008056640625,-1.30267333984375
2026-10-08T16:30:13.780,Waving,-1.3052978515625,0.417144775390625,1.034210205078125
2026-10-08T16:30:16.784,Waving,-1.5340423583984375,0.31536865234375,-0.2549285888671875
2026-10-08T16:30:19.789,Waving,4.5120849609375,1.909515380859375,0.301544189453125
2026-10-08T16:30:22.792,Waving,2.6159515380859375,0.91412353515625,-0.7339019775390625
2026-10-08T16:30:25.797,Waving,0.8404693603515625,0.27935791015625,-0.2620849609375
2026-10-08T16:30:28.802,Waving,0.342742919921875,-0.9127655029296875,0.092498779296875
2026-10-08T16:30:31.807,Waving,0.049591064453125,-0.95751953125,-0.2519073486328125
2026-10-08T16:30:35.813,Waving,1.336700439453125,0.441375732421875,-1.45220947265625
2026-10-08T16:30:38.818,Shaking,-0.25341796875,1.117095947265625,-1.6758880615234375
2026-10-08T16:30:41.822,Shaking,-2.96783447265625,0.0563812255859375,0.354400634765625
2026-10-08T16:30:44.825,Shaking,2.152862548828125,0.935455322265625,-1.553863525390625
2026-10-08T16:30:47.828,Shaking,1.74908447265625,0.660125732421875,0.159515380859375
2026-10-08T16:30:50.832,Shaking,-3.149993896484375,0.9138336181640625,0.6024627685546875
2026-10-08T16:30:53.836,Shaking,-2.5654144287109375,0.6029815673828125,-0.5455474853515625
2026-10-08T16:30:56.841,Shaking,3.3946685791015625,0.689422607421875,0.7755126953125
2026-10-08T16:30:59.845,Shaking,1.2704010009765625,0.9136962890625,-1.0293121337890625
2026-10-08T16:31:02.849,Shaking,-3.69390869140625,0.065582275390625,0.2109527587890625
2026-10-08T16:31:05.853,Shaking,-0.8218231201171875,2.1942291259765625,-1.823577880859375
2026-10-08T16:31:09.859,Shaking,1.919769287109375,0.5330810546875,0.209136962890625
2026-10-08T16:31:12.865,Shaking,-0.49468994140625,-0.8274688720703125,-0.5116424560546875
2026-10-08T16:31:15.885,Shaking,-3.5040130615234375,0.375335693359375,-0.407623291015625
2026-10-08T16:31:18.912,Shaking,-2.0669097900390625,1.036590576171875,-0.8778533935546875
2026-10-08T16:31:21.925,Shaking,1.801971435546875,1.454437255859375,-2.1005096435546875
2026-10-08T16:31:24.930,Shaking,2.9572296142578125,0.3023529052734375,1.388641357421875
2026-10-08T16:31:27.934,Shaking,-3.77215576171875,1.0089111328125,-1.099273681640625
2026-10-08T16:31:30.939,Shaking,-0.73944091796875,-0.460906982421875,-0.3787078857421875
2026-10-08T16:31:33.942,Shaking,-0.71673583984375,-0.5828704833984375,-0.284454345703125
2026-10-08T16:31:36.947,Shaking,-0.461700439453125,-0.8948822021484375,-0.0902252197265625
2026-10-08T16:31:39.951,Shaking,-0.8537445068359375,-0.6639404296875,-0.6013031005859375
2026-10-08T16:31:43.956,Shaking,1.79327392578125,-0.3537750244140625,-0.9974822998046875
2026-10-08T16:31:46.960,Shaking,2.2855377197265625,0.3259124755859375,-0.11376953125
2026-10-08T16:31:49.965,Shaking,-2.0263519287109375,-0.1932830810546875,-1.28985595703125
2026-10-08T16:31:52.969,Shaking,-1.2268524169921875,0.06939697265625,1.451934814453125
2026-10-08T16:31:55.973,Shaking,-0.1119384765625,0.481658935546875,-1.815643310546875
2026-10-08T16:31:58.976,Shaking,2.11212158203125,-0.1360931396484375,0.0274810791015625
2026-10-08T16:32:01.980,Shaking,-2.352142333984375,0.45013427734375,-0.249755859375
2026-10-08T16:32:04.985,Shaking,-1.577972412109375,-0.063690185546875,0.515655517578125
2026-10-08T16:32:07.988,Shaking,0.7187347412109375,0.3060760498046875,-1.6631927490234375
2026-10-08T16:32:10.993,Shaking,-0.0246734619140625,-0.9634857177734375,-0.052825927734375
2026-10-08T16:32:13.997,Shaking,-0.2130279541015625,-0.975311279296875,-0.247344970703125
2026-10-08T16:32:18.003,Shaking,-2.7560272216796875,-0.0139617919921875,-0.3191986083984375
2026-10-08T16:32:21.007,Shaking,-1.97821044921875,0.76416015625,-0.8820037841796875
2026-10-08T16:32:24.012,Shaking,2.9235992431640625,0.4929656982421875,0.6650543212890625
2026-10-08T16:32:27.015,Shaking,-2.357452392578125,1.2944793701171875,-2.202667236328125
2026-10-08T16:32:30.019,Shaking,-2.669647216796875,0.6090545654296875,-0.5926055908203125
2026-10-08T16:32:33.023,Shaking,2.437103271484375,0.6547698974609375,0.83489990234375
2026-10-08T16:32:36.027,Shaking,1.0890655517578125,1.0536956787109375,-0.4585723876953125
2026-10-08T16:32:39.031,Shaking,-3.4552459716796875,0.941192626953125,-0.16534423828125
2026-10-08T16:32:42.036,Shaking,0.3375244140625,1.216949462890625,-0.8699798583984375
2026-10-08T16:32:45.040,Shaking,-0.88067626953125,-0.4036865234375,-0.4516143798828125
2026-10-08T16:32:48.045,Shaking,-0.7453155517578125,-0.531219482421875,-0.3663482666015625
2026-10-08T16:32:52.050,Shaking,-0.7321929931640625,-0.537506103515625,-0.4003143310546875
2026-10-08T16:32:55.055,Shaking,-0.7367706298828125,-0.5205078125,-0.4242706298828125
2026-10-08T16:32:58.060,Shaking,0.7795562744140625,0.4647064208984375,-0.1643218994140625
2026-10-08T16:33:01.065,Shaking,-3.2699432373046875,0.478973388671875,-0.7839813232421875
2026-10-08T16:33:04.069,Shaking,2.0999603271484375,-0.000396728515625,0.5629730224609375
2026-10-08T16:33:07.074,Shaking,-2.9408111572265625,0.8304290771484375,-1.1155548095703125
2026-10-08T16:33:10.078,Shaking,-2.2611846923828125,0.8476104736328125,0.03875732421875
2026-10-08T16:33:13.083,Shaking,-0.3010406494140625,-1.2313079833984375,0.04632568359375
2026-10-08T16:33:16.088,Shaking,0.451934814453125,0.212890625,-0.9754486083984375
2026-10-08T16:33:19.092,Shaking,-2.23846435546875,0.426910400390625,-0.9304046630859375
2026-10-08T16:33:22.095,Shaking,-1.0870513916015625,0.4772796630859375,-1.217498779296875
2026-10-08T16:33:26.100,Shaking,-3.0928955078125,0.7373046875,-2.2844696044921875
2026-10-08T16:33:29.104,Shaking,-2.8657989501953125,0.04266357421875,-0.34503173828125
2026-10-08T16:33:32.107,Shaking,-1.915557861328125,-0.27081298828125,1.1253662109375
2026-10-08T16:33:35.112,Shaking,-1.241241455078125,-0.478759765625,0.392364501953125
2026-10-08T16:33:38.117,Shaking,-1.4495086669921875,-0.2757415771484375,0.0804901123046875
2026-10-08T16:33:41.122,Shaking,-0.553070068359375,-0.894683837890625,0.0667572021484375
2026-10-08T16:33:44.126,Shaking,-0.0818939208984375,-1.147735595703125,-0.1199188232421875
2026-10-08T16:33:47.135,Shaking,-2.4564971923828125,0.921234130859375,-0.1282806396484375
2026-10-08T16:33:50.140,Shaking,-0.56658935546875,0.6488189697265625,-0.3171844482421875
2026-10-08T16:33:53.144,Shaking,0.98065185546875,-0.4429168701171875,0.400115966796875
2026-10-08T16:33:56.148,Shaking,-0.37738037109375,1.638031005859375,-1.3369140625
2026-10-08T16:34:00.154,Shaking,-3.34161376953125,1.2745513916015625,-0.393218994140625
2026-10-08T16:34:03.159,Shaking,0.371978759765625,0.6634521484375,-0.180908203125
2026-10-08T16:34:06.165,Shaking,1.0977783203125,0.415191650390625,-0.1479644775390625
2026-10-08T16:34:09.170,Shaking,-2.32769775390625,1.275726318359375,-0.28045654296875
2026-10-08T16:34:12.173,Shaking,0.9980316162109375,-0.4139556884765625,-0.0713348388671875
2026-10-08T16:34:15.177,Shaking,-0.4637451171875,-0.391693115234375,-0.084625244140625
2026-10-08T16:34:18.182,Shaking,-0.3622589111328125,-0.3196258544921875,0.363250732421875
2026-10-08T16:34:21.186,Shaking,-0.6345062255859375,-0.2774505615234375,0.116119384765625
2026-10-08T16:34:24.190,Shaking,-0.8599853515625,-1.467193603515625,-0.625579833984375
2026-10-08T16:34:27.194,Shaking,-0.75335693359375,-0.584014892578125,-0.1506500244140625
2026-10-08T16:34:30.199,Shaking,-0.6180267333984375,-0.445587158203125,-0.42510986328125
2026-10-08T16:34:34.204,Shaking,-0.76123046875,-0.59619140625,-0.3260040283203125
2026-10-08T16:34:37.209,Shaking,-0.5596160888671875,-0.7192230224609375,-0.36798095703125
2026-10-08T16:34:40.214,Shaking,-2.4840850830078125,1.0851898193359375,-0.062225341796875
2026-10-08T16:34:43.217,Shaking,-0.0560150146484375,0.90234375,-0.77703857421875
2026-10-08T16:34:46.221,Shaking,-0.1478118896484375,-0.0886077880859375,-0.3236846923828125
2026-10-08T16:34:49.225,Shaking,0.545806884765625,-0.2448577880859375,0.19598388671875
2026-10-08T16:34:52.230,Shaking,-3.0153961181640625,0.9829254150390625,-1.0285186767578125
2026-10-08T16:34:55.234,Shaking,-0.2423095703125,0.7509002685546875,-1.041748046875
2026-10-08T16:34:58.238,Shaking,1.102325439453125,-0.2486419677734375,0.470855712890625
2026-10-08T16:35:01.243,Shaking,-2.972564697265625,0.9083099365234375,-1.53228759765625
2026-10-08T16:35:04.248,Shaking,-1.8198699951171875,1.009368896484375,-0.581634521484375
2026-10-08T16:35:08.253,Shaking,2.0494232177734375,-0.1669464111328125,0.7165374755859375
2026-10-08T16:35:11.257,Shaking,-1.339599609375,1.624237060546875,-2.1121978759765625
2026-10-08T16:35:14.261,Shaking,-1.160980224609375,0.435211181640625,-0.738189697265625
2026-10-08T16:35:17.266,Shaking,-0.1067352294921875,-1.0593719482421875,-0.3313751220703125
2026-10-08T16:35:20.271,Shaking,0.955474853515625,-0.53875732421875,-0.113311767578125
2026-10-08T16:35:23.275,Shaking,1.17266845703125,0.86309814453125,-0.29656982421875
2026-10-08T16:35:26.279,Shaking,2.0565643310546875,0.8473663330078125,0.1525115966796875
2026-10-08T16:35:29.285,Shaking,-2.9216766357421875,-0.3526611328125,-0.0687408447265625
2026-10-08T16:35:32.288,Shaking,-0.415618896484375,0.842742919921875,-1.05352783203125
2026-10-08T16:35:35.293,Shaking,2.5684356689453125,1.56591796875,0.0272064208984375
2026-10-08T16:35:38.297,Shaking,0.4961395263671875,0.3848876953125,-0.51129150390625
2026-10-08T16:35:42.303,Shaking,-0.9769744873046875,0.1528778076171875,0.4943084716796875
2026-10-08T16:35:45.307,Shaking,3.5391845703125,1.62152099609375,-0.3496246337890625
2026-10-08T16:35:48.311,Shaking,2.445770263671875,0.8324737548828125,-0.882049560546875
2026-10-08T16:35:51.316,Shaking,0.035552978515625,0.6652069091796875,-0.4508209228515625
2026-10-08T16:35:54.321,Shaking,-1.213409423828125,-0.421783447265625,0.5138702392578125
2026-10-08T16:35:57.324,Shaking,2.6966400146484375,1.9039306640625,-0.4358978271484375
2026-10-08T16:36:00.328,Shaking,2.4254608154296875,1.413055419921875,0.2514495849609375
2026-10-08T16:36:03.332,Waving,0.68798828125,-0.142486572265625,-0.414459228515625
2026-10-08T16:36:06.336,Waving,0.3094940185546875,-0.9098052978515625,-0.14361572265625
2026-10-08T16:36:09.341,Waving,-1.1501312255859375,1.0089263916015625,-1.473785400390625
2026-10-08T16:36:12.346,Waving,-1.7835845947265625,1.029388427734375,-1.2076263427734375
2026-10-08T16:36:16.351,Waving,1.4477996826171875,-0.0215606689453125,0.2210845947265625
2026-10-08T16:36:19.356,Waving,-2.0806884765625,1.441802978515625,-2.072967529296875
2026-10-08T16:36:22.362,Waving,0.1436004638671875,0.8780364990234375,-1.0367279052734375
2026-10-08T16:36:25.366,Waving,0.3448638916015625,1.02215576171875,-1.6870574951171875
2026-10-08T16:36:28.382,Waving,-1.628692626953125,1.083740234375,-1.3148193359375
2026-10-08T16:36:31.403,Waving,0.877593994140625,0.1614227294921875,0.00201416015625
2026-10-08T16:36:34.424,Waving,-1.7743377685546875,0.638763427734375,-1.10693359375
2026-10-08T16:36:37.428,Waving,0.6738739013671875,-0.203582763671875,0.7451934814453125
2026-10-08T16:36:40.431,Waving,-2.9303436279296875,0.9061431884765625,-0.8030853271484375
2026-10-08T16:36:43.435,Waving,0.0869903564453125,0.46502685546875,-0.470855712890625
2026-10-08T16:36:46.440,Waving,0.0963897705078125,0.5211029052734375,-0.4176483154296875
2026-10-08T16:36:50.446,Waving,-1.9556121826171875,1.1428985595703125,-0.4489593505859375
2026-10-08T16:36:53.449,Waving,0.4420928955078125,0.5165252685546875,-0.6129608154296875
2026-10-08T16:36:56.454,Waving,0.483978271484375,0.814208984375,-0.77215576171875
2026-10-08T16:36:59.458,Waving,-1.5090789794921875,1.0257720947265625,-1.246307373046875
2026-10-08T16:37:02.462,Waving,0.95880126953125,-0.312652587890625,0.4544525146484375
2026-10-08T16:37:05.465,Waving,-2.606719970703125,1.481658935546875,-1.0016021728515625
