window_id,activity,window_start,window_end,duration_seconds,sample_count,first_sample,last_sample,max_sample_gap_seconds,valid,reason,csv_file,image_file
1,No activity,2026-10-08T16:05:21.757,2026-10-08T16:05:31.849,10.092,3,2026-10-08T16:05:24.375,2026-10-08T16:05:30.382,3.004,True,,0001_no_activity_20261008_160531.csv,0001_no_activity_20261008_160531.jpg
2,No activity,2026-10-08T16:05:31.849,2026-10-08T16:05:41.868,10.019,3,2026-10-08T16:05:33.385,2026-10-08T16:05:40.434,4.039,True,,0002_no_activity_20261008_160541.csv,0002_no_activity_20261008_160541.jpg
3,No activity,2026-10-08T16:05:41.868,2026-10-08T16:05:51.882,10.014,3,2026-10-08T16:05:43.438,2026-10-08T16:05:49.445,3.004,True,,0003_no_activity_20261008_160551.csv,0003_no_activity_20261008_160551.jpg
4,No activity,2026-10-08T16:05:51.882,2026-10-08T16:06:01.899,10.017,4,2026-10-08T16:05:52.450,2026-10-08T16:06:01.462,3.004,True,,0004_no_activity_20261008_160601.csv,0004_no_activity_20261008_160601.jpg
5,No activity,2026-10-08T16:06:01.899,2026-10-08T16:06:11.911,10.012,3,2026-10-08T16:06:04.466,2026-10-08T16:06:10.474,3.004,True,,0005_no_activity_20261008_160611.csv,0005_no_activity_20261008_160611.jpg
6,No activity,2026-10-08T16:06:11.911,2026-10-08T16:06:21.934,10.023,3,2026-10-08T16:06:14.480,2026-10-08T16:06:20.488,3.005,True,,0006_no_activity_20261008_160621.csv,0006_no_activity_20261008_160621.jpg
7,No activity,2026-10-08T16:06:21.934,2026-10-08T16:06:32.007,10.073,3,2026-10-08T16:06:23.493,2026-10-08T16:06:29.501,3.005,True,,0007_no_activity_20261008_160632.csv,0007_no_activity_20261008_160632.jpg
8,No activity,2026-10-08T16:06:32.007,2026-10-08T16:06:42.056,10.049,4,2026-10-08T16:06:32.506,2026-10-08T16:06:41.520,3.005,True,,0008_no_activity_20261008_160642.csv,0008_no_activity_20261008_160642.jpg
9,No activity,2026-10-08T16:06:42.056,2026-10-08T16:06:52.092,10.035,3,2026-10-08T16:06:44.525,2026-10-08T16:06:51.535,4.006,True,,0009_no_activity_20261008_160652.csv,0009_no_activity_20261008_160652.jpg
10,No activity,2026-10-08T16:06:52.092,2026-10-08T16:07:02.093,10.001,3,2026-10-08T16:06:54.540,2026-10-08T16:07:00.549,3.005,True,,0010_no_activity_20261008_160702.csv,0010_no_activity_20261008_160702.jpg
11,No activity,2026-10-08T16:07:02.093,2026-10-08T16:07:12.240,10.147,3,2026-10-08T16:07:03.552,2026-10-08T16:07:09.560,3.004,True,,0011_no_activity_20261008_160712.csv,0011_no_activity_20261008_160712.jpg
12,No activity,2026-10-08T16:07:12.240,2026-10-08T16:07:22.269,10.03,3,2026-10-08T16:07:12.562,2026-10-08T16:07:18.571,3.699,True,,0012_no_activity_20261008_160722.csv,0012_no_activity_20261008_160722.jpg
13,No activity,2026-10-08T16:07:22.269,2026-10-08T16:07:32.279,10.01,4,2026-10-08T16:07:22.577,2026-10-08T16:07:31.590,3.005,True,,0013_no_activity_20261008_160732.csv,0013_no_activity_20261008_160732.jpg
14,No activity,2026-10-08T16:07:32.279,2026-10-08T16:07:42.315,10.035,3,2026-10-08T16:07:34.595,2026-10-08T16:07:40.604,3.005,True,,0014_no_activity_20261008_160742.csv,0014_no_activity_20261008_160742.jpg
15,No activity,2026-10-08T16:07:42.315,2026-10-08T16:07:52.316,10.002,3,2026-10-08T16:07:43.608,2026-10-08T16:07:49.618,3.005,True,,0015_no_activity_20261008_160752.csv,0015_no_activity_20261008_160752.jpg
16,No activity,2026-10-08T16:07:52.316,2026-10-08T16:08:02.329,10.012,3,2026-10-08T16:07:52.621,2026-10-08T16:07:59.632,4.006,True,,0016_no_activity_20261008_160802.csv,0016_no_activity_20261008_160802.jpg
17,No activity,2026-10-08T16:08:02.329,2026-10-08T16:08:12.329,10.001,4,2026-10-08T16:08:02.636,2026-10-08T16:08:11.650,3.005,True,,0017_no_activity_20261008_160812.csv,0017_no_activity_20261008_160812.jpg
18,No activity,2026-10-08T16:08:12.329,2026-10-08T16:08:22.373,10.043,3,2026-10-08T16:08:14.654,2026-10-08T16:08:20.661,3.004,True,,0018_no_activity_20261008_160822.csv,0018_no_activity_20261008_160822.jpg
19,No activity,2026-10-08T16:08:22.373,2026-10-08T16:08:32.495,10.122,3,2026-10-08T16:08:23.665,2026-10-08T16:08:30.674,4.006,True,,0019_no_activity_20261008_160832.csv,0019_no_activity_20261008_160832.jpg
20,No activity,2026-10-08T16:08:32.495,2026-10-08T16:08:42.505,10.01,3,2026-10-08T16:08:33.685,2026-10-08T16:08:39.693,3.004,True,,0020_no_activity_20261008_160842.csv,0020_no_activity_20261008_160842.jpg
21,No activity,2026-10-08T16:08:42.505,2026-10-08T16:08:52.657,10.152,4,2026-10-08T16:08:42.711,2026-10-08T16:08:51.725,3.005,True,,0021_no_activity_20261008_160852.csv,0021_no_activity_20261008_160852.jpg
22,No activity,2026-10-08T16:08:52.657,2026-10-08T16:09:02.676,10.019,3,2026-10-08T16:08:54.729,2026-10-08T16:09:00.737,3.004,True,,0022_no_activity_20261008_160902.csv,0022_no_activity_20261008_160902.jpg
23,No activity,2026-10-08T16:09:02.676,2026-10-08T16:09:12.822,10.147,3,2026-10-08T16:09:04.743,2026-10-08T16:09:10.752,3.005,True,,0023_no_activity_20261008_160912.csv,0023_no_activity_20261008_160912.jpg
24,No activity,2026-10-08T16:09:12.822,2026-10-08T16:09:22.840,10.017,4,2026-10-08T16:09:13.757,2026-10-08T16:09:22.769,3.005,True,,0024_no_activity_20261008_160922.csv,0024_no_activity_20261008_160922.jpg
25,No activity,2026-10-08T16:09:22.840,2026-10-08T16:09:32.849,10.01,3,2026-10-08T16:09:25.774,2026-10-08T16:09:31.783,3.005,True,,0025_no_activity_20261008_160932.csv,0025_no_activity_20261008_160932.jpg
26,No activity,2026-10-08T16:09:32.849,2026-10-08T16:09:42.870,10.021,3,2026-10-08T16:09:34.785,2026-10-08T16:09:41.796,4.007,True,,0026_no_activity_20261008_160942.csv,0026_no_activity_20261008_160942.jpg
27,No activity,2026-10-08T16:09:42.870,2026-10-08T16:09:52.893,10.023,3,2026-10-08T16:09:44.803,2026-10-08T16:09:50.811,3.004,True,,0027_no_activity_20261008_160952.csv,0027_no_activity_20261008_160952.jpg
28,No activity,2026-10-08T16:09:52.893,2026-10-08T16:10:02.898,10.004,4,2026-10-08T16:09:53.827,2026-10-08T16:10:02.839,3.005,True,,0028_no_activity_20261008_161002.csv,0028_no_activity_20261008_161002.jpg
29,No activity,2026-10-08T16:10:02.898,2026-10-08T16:10:12.922,10.025,3,2026-10-08T16:10:05.844,2026-10-08T16:10:12.854,4.006,True,,0029_no_activity_20261008_161012.csv,0029_no_activity_20261008_161012.jpg
30,No activity,2026-10-08T16:10:12.922,2026-10-08T16:10:22.931,10.008,3,2026-10-08T16:10:15.859,2026-10-08T16:10:21.868,3.005,True,,0030_no_activity_20261008_161022.csv,0030_no_activity_20261008_161022.jpg
31,No activity,2026-10-08T16:10:22.931,2026-10-08T16:10:33.053,10.122,3,2026-10-08T16:10:24.872,2026-10-08T16:10:30.881,3.004,True,,0031_no_activity_20261008_161033.csv,0031_no_activity_20261008_161033.jpg
32,No activity,2026-10-08T16:10:33.053,2026-10-08T16:10:43.077,10.024,4,2026-10-08T16:10:33.885,2026-10-08T16:10:42.901,3.006,True,,0032_no_activity_20261008_161043.csv,0032_no_activity_20261008_161043.jpg
33,No activity,2026-10-08T16:10:43.077,2026-10-08T16:10:53.100,10.022,3,2026-10-08T16:10:46.939,2026-10-08T16:10:52.947,3.862,True,,0033_no_activity_20261008_161053.csv,0033_no_activity_20261008_161053.jpg
34,No activity,2026-10-08T16:10:53.100,2026-10-08T16:11:03.110,10.011,3,2026-10-08T16:10:55.952,2026-10-08T16:11:01.961,3.005,True,,0034_no_activity_20261008_161103.csv,0034_no_activity_20261008_161103.jpg
35,No activity,2026-10-08T16:11:03.110,2026-10-08T16:11:07.688,4.578,1,2026-10-08T16:11:04.965,2026-10-08T16:11:04.965,2.722,False,incomplete_or_delayed_window;insufficient_samples,0035_no_activity_20261008_161107.csv,
36,Waving,2026-10-08T16:11:07.690,2026-10-08T16:11:17.745,10.055,4,2026-10-08T16:11:07.981,2026-10-08T16:11:16.993,3.005,True,,0036_waving_20261008_161117.csv,0036_waving_20261008_161117.jpg
37,Waving,2026-10-08T16:11:17.745,2026-10-08T16:11:27.767,10.022,3,2026-10-08T16:11:20.999,2026-10-08T16:11:27.008,3.254,True,,0037_waving_20261008_161127.csv,0037_waving_20261008_161127.jpg
38,Waving,2026-10-08T16:11:27.767,2026-10-08T16:11:37.788,10.02,3,2026-10-08T16:11:30.012,2026-10-08T16:11:36.021,3.005,True,,0038_waving_20261008_161137.csv,0038_waving_20261008_161137.jpg
39,Waving,2026-10-08T16:11:37.788,2026-10-08T16:11:47.821,10.033,3,2026-10-08T16:11:39.025,2026-10-08T16:11:45.035,3.005,True,,0039_waving_20261008_161147.csv,0039_waving_20261008_161147.jpg
40,Waving,2026-10-08T16:11:47.821,2026-10-08T16:11:57.957,10.136,3,2026-10-08T16:11:48.040,2026-10-08T16:11:55.049,4.005,True,,0040_waving_20261008_161157.csv,0040_waving_20261008_161157.jpg
41,Waving,2026-10-08T16:11:57.957,2026-10-08T16:12:08.095,10.138,4,2026-10-08T16:11:58.053,2026-10-08T16:12:07.065,3.005,True,,0041_waving_20261008_161208.csv,0041_waving_20261008_161208.jpg
42,Waving,2026-10-08T16:12:08.095,2026-10-08T16:12:18.167,10.071,3,2026-10-08T16:12:10.070,2026-10-08T16:12:16.079,3.005,True,,0042_waving_20261008_161218.csv,0042_waving_20261008_161218.jpg
43,Waving,2026-10-08T16:12:18.167,2026-10-08T16:12:28.180,10.014,3,2026-10-08T16:12:19.084,2026-10-08T16:12:25.093,3.087,True,,0043_waving_20261008_161228.csv,0043_waving_20261008_161228.jpg
44,Waving,2026-10-08T16:12:28.180,2026-10-08T16:12:38.193,10.012,4,2026-10-08T16:12:29.099,2026-10-08T16:12:38.113,3.005,True,,0044_waving_20261008_161238.csv,0044_waving_20261008_161238.jpg
45,Waving,2026-10-08T16:12:38.193,2026-10-08T16:12:48.330,10.137,3,2026-10-08T16:12:41.118,2026-10-08T16:12:47.126,3.004,True,,0045_waving_20261008_161248.csv,0045_waving_20261008_161248.jpg
46,Waving,2026-10-08T16:12:48.330,2026-10-08T16:12:58.479,10.149,3,2026-10-08T16:12:50.131,2026-10-08T16:12:56.140,3.005,True,,0046_waving_20261008_161258.csv,0046_waving_20261008_161258.jpg
47,Waving,2026-10-08T16:12:58.479,2026-10-08T16:13:08.483,10.004,3,2026-10-08T16:12:59.145,2026-10-08T16:13:06.154,4.005,True,,0047_waving_20261008_161308.csv,0047_waving_20261008_161308.jpg
48,Waving,2026-10-08T16:13:08.483,2026-10-08T16:13:18.621,10.138,4,2026-10-08T16:13:09.158,2026-10-08T16:13:18.170,3.004,True,,0048_waving_20261008_161318.csv,0048_waving_20261008_161318.jpg
49,Waving,2026-10-08T16:13:18.621,2026-10-08T16:13:28.650,10.029,3,2026-10-08T16:13:21.173,2026-10-08T16:13:27.181,3.005,True,,0049_waving_20261008_161328.csv,0049_waving_20261008_161328.jpg
50,Waving,2026-10-08T16:13:28.650,2026-10-08T16:13:38.653,10.003,3,2026-10-08T16:13:30.186,2026-10-08T16:13:37.196,4.005,True,,0050_waving_20261008_161338.csv,0050_waving_20261008_161338.jpg
51,Waving,2026-10-08T16:13:38.653,2026-10-08T16:13:48.676,10.023,3,2026-10-08T16:13:40.200,2026-10-08T16:13:46.209,3.005,True,,0051_waving_20261008_161348.csv,0051_waving_20261008_161348.jpg
52,Waving,2026-10-08T16:13:48.676,2026-10-08T16:13:58.700,10.025,4,2026-10-08T16:13:49.213,2026-10-08T16:13:58.227,3.005,True,,0052_waving_20261008_161358.csv,0052_waving_20261008_161358.jpg
53,Waving,2026-10-08T16:13:58.700,2026-10-08T16:14:08.703,10.003,3,2026-10-08T16:14:01.232,2026-10-08T16:14:07.240,3.005,True,,0053_waving_20261008_161408.csv,0053_waving_20261008_161408.jpg
54,Waving,2026-10-08T16:14:08.703,2026-10-08T16:14:18.727,10.023,3,2026-10-08T16:14:11.246,2026-10-08T16:14:17.255,3.005,True,,0054_waving_20261008_161418.csv,0054_waving_20261008_161418.jpg
55,Waving,2026-10-08T16:14:18.727,2026-10-08T16:14:28.748,10.021,3,2026-10-08T16:14:20.258,2026-10-08T16:14:26.267,3.005,True,,0055_waving_20261008_161428.csv,0055_waving_20261008_161428.jpg
56,Waving,2026-10-08T16:14:28.748,2026-10-08T16:14:38.765,10.018,4,2026-10-08T16:14:29.273,2026-10-08T16:14:38.287,3.006,True,,0056_waving_20261008_161438.csv,0056_waving_20261008_161438.jpg
57,Waving,2026-10-08T16:14:38.765,2026-10-08T16:14:48.792,10.027,3,2026-10-08T16:14:41.291,2026-10-08T16:14:48.301,4.007,True,,0057_waving_20261008_161448.csv,0057_waving_20261008_161448.jpg
58,Waving,2026-10-08T16:14:48.792,2026-10-08T16:14:58.823,10.03,3,2026-10-08T16:14:51.306,2026-10-08T16:14:57.314,3.004,True,,0058_waving_20261008_161458.csv,0058_waving_20261008_161458.jpg
59,Waving,2026-10-08T16:14:58.823,2026-10-08T16:15:08.950,10.128,3,2026-10-08T16:15:00.319,2026-10-08T16:15:06.329,3.005,True,,0059_waving_20261008_161508.csv,0059_waving_20261008_161508.jpg
60,Waving,2026-10-08T16:15:08.950,2026-10-08T16:15:19.102,10.152,3,2026-10-08T16:15:09.334,2026-10-08T16:15:15.343,3.76,True,,0060_waving_20261008_161519.csv,0060_waving_20261008_161519.jpg
61,Waving,2026-10-08T16:15:19.102,2026-10-08T16:15:29.158,10.055,4,2026-10-08T16:15:19.349,2026-10-08T16:15:28.362,3.005,True,,0061_waving_20261008_161529.csv,0061_waving_20261008_161529.jpg
62,Waving,2026-10-08T16:15:29.158,2026-10-08T16:15:33.599,4.441,1,2026-10-08T16:15:31.366,2026-10-08T16:15:31.366,2.232,False,incomplete_or_delayed_window;insufficient_samples,0062_waving_20261008_161533.csv,
63,Shaking,2026-10-08T16:15:33.601,2026-10-08T16:15:43.674,10.073,4,2026-10-08T16:15:34.371,2026-10-08T16:15:43.385,3.005,True,,0063_shaking_20261008_161543.csv,0063_shaking_20261008_161543.jpg
64,Shaking,2026-10-08T16:15:43.674,2026-10-08T16:15:53.680,10.007,3,2026-10-08T16:15:46.389,2026-10-08T16:15:53.410,4.016,True,,0064_shaking_20261008_161553.csv,0064_shaking_20261008_161553.jpg
65,Shaking,2026-10-08T16:15:53.680,2026-10-08T16:16:03.817,10.137,3,2026-10-08T16:15:56.436,2026-10-08T16:16:02.455,3.016,True,,0065_shaking_20261008_161603.csv,0065_shaking_20261008_161603.jpg
66,Shaking,2026-10-08T16:16:03.817,2026-10-08T16:16:13.850,10.033,3,2026-10-08T16:16:05.459,2026-10-08T16:16:11.467,3.004,True,,0066_shaking_20261008_161613.csv,0066_shaking_20261008_161613.jpg
67,Shaking,2026-10-08T16:16:13.850,2026-10-08T16:16:23.893,10.042,4,2026-10-08T16:16:14.472,2026-10-08T16:16:23.485,3.005,True,,0067_shaking_20261008_161623.csv,0067_shaking_20261008_161623.jpg
68,Shaking,2026-10-08T16:16:23.893,2026-10-08T16:16:33.945,10.052,3,2026-10-08T16:16:27.490,2026-10-08T16:16:33.499,3.597,True,,0068_shaking_20261008_161633.csv,0068_shaking_20261008_161633.jpg
69,Shaking,2026-10-08T16:16:33.945,2026-10-08T16:16:44.091,10.146,3,2026-10-08T16:16:36.504,2026-10-08T16:16:42.513,3.004,True,,0069_shaking_20261008_161644.csv,0069_shaking_20261008_161644.jpg
70,Shaking,2026-10-08T16:16:44.091,2026-10-08T16:16:54.109,10.018,3,2026-10-08T16:16:45.517,2026-10-08T16:16:51.525,3.005,True,,0070_shaking_20261008_161654.csv,0070_shaking_20261008_161654.jpg
71,Shaking,2026-10-08T16:16:54.109,2026-10-08T16:17:04.120,10.012,3,2026-10-08T16:16:54.529,2026-10-08T16:17:01.539,4.005,True,,0071_shaking_20261008_161704.csv,0071_shaking_20261008_161704.jpg
72,Shaking,2026-10-08T16:17:04.120,2026-10-08T16:17:14.143,10.035,4,2026-10-08T16:17:04.541,2026-10-08T16:17:13.543,3.005,True,,0072_shaking_20261008_161714.csv,0072_shaking_20261008_161714.jpg
73,Shaking,2026-10-08T16:17:14.143,2026-10-08T16:17:24.164,10.027,3,2026-10-08T16:17:16.544,2026-10-08T16:17:22.550,3.005,True,,0073_shaking_20261008_161724.csv,0073_shaking_20261008_161724.jpg
74,Shaking,2026-10-08T16:17:24.164,2026-10-08T16:17:34.312,10.152,3,2026-10-08T16:17:25.553,2026-10-08T16:17:31.559,3.005,True,,0074_shaking_20261008_161734.csv,0074_shaking_20261008_161734.jpg
75,Shaking,2026-10-08T16:17:34.312,2026-10-08T16:17:44.347,10.036,3,2026-10-08T16:17:35.564,2026-10-08T16:17:41.571,3.004,True,,0075_shaking_20261008_161744.csv,0075_shaking_20261008_161744.jpg
76,Shaking,2026-10-08T16:17:44.347,2026-10-08T16:17:54.358,10.013,4,2026-10-08T16:17:44.575,2026-10-08T16:17:53.587,3.005,True,,0076_shaking_20261008_161754.csv,0076_shaking_20261008_161754.jpg
77,Shaking,2026-10-08T16:17:54.358,2026-10-08T16:18:04.377,10.019,3,2026-10-08T16:17:56.591,2026-10-08T16:18:02.598,3.004,True,,0077_shaking_20261008_161804.csv,0077_shaking_20261008_161804.jpg
78,Shaking,2026-10-08T16:18:04.377,2026-10-08T16:18:14.406,10.029,3,2026-10-08T16:18:05.602,2026-10-08T16:18:12.611,4.005,True,,0078_shaking_20261008_161814.csv,0078_shaking_20261008_161814.jpg
79,Shaking,2026-10-08T16:18:14.406,2026-10-08T16:18:24.480,10.075,3,2026-10-08T16:18:15.615,2026-10-08T16:18:21.632,3.014,True,,0079_shaking_20261008_161824.csv,0079_shaking_20261008_161824.jpg
80,Shaking,2026-10-08T16:18:24.480,2026-10-08T16:18:34.503,10.023,4,2026-10-08T16:18:24.636,2026-10-08T16:18:33.647,3.004,True,,0080_shaking_20261008_161834.csv,0080_shaking_20261008_161834.jpg
81,Shaking,2026-10-08T16:18:34.503,2026-10-08T16:18:44.519,10.016,3,2026-10-08T16:18:36.652,2026-10-08T16:18:43.663,4.006,True,,0081_shaking_20261008_161844.csv,0081_shaking_20261008_161844.jpg
82,Shaking,2026-10-08T16:18:44.519,2026-10-08T16:18:54.526,10.008,3,2026-10-08T16:18:46.668,2026-10-08T16:18:52.677,3.005,True,,0082_shaking_20261008_161854.csv,0082_shaking_20261008_161854.jpg
83,Shaking,2026-10-08T16:18:54.526,2026-10-08T16:19:04.679,10.153,3,2026-10-08T16:18:55.680,2026-10-08T16:19:01.689,3.005,True,,0083_shaking_20261008_161904.csv,0083_shaking_20261008_161904.jpg
84,Shaking,2026-10-08T16:19:04.679,2026-10-08T16:19:14.682,10.003,4,2026-10-08T16:19:04.715,2026-10-08T16:19:13.727,3.005,True,,0084_shaking_20261008_161914.csv,0084_shaking_20261008_161914.jpg
85,Shaking,2026-10-08T16:19:14.682,2026-10-08T16:19:24.685,10.003,3,2026-10-08T16:19:17.732,2026-10-08T16:19:23.741,3.05,True,,0085_shaking_20261008_161924.csv,0085_shaking_20261008_161924.jpg
86,Shaking,2026-10-08T16:19:24.685,2026-10-08T16:19:34.702,10.017,3,2026-10-08T16:19:26.745,2026-10-08T16:19:32.755,3.005,True,,0086_shaking_20261008_161934.csv,0086_shaking_20261008_161934.jpg
87,Shaking,2026-10-08T16:19:34.702,2026-10-08T16:19:44.730,10.028,3,2026-10-08T16:19:35.757,2026-10-08T16:19:41.763,3.003,True,,0087_shaking_20261008_161944.csv,0087_shaking_20261008_161944.jpg
88,Shaking,2026-10-08T16:19:44.730,2026-10-08T16:19:54.883,10.153,4,2026-10-08T16:19:44.764,2026-10-08T16:19:54.773,4.003,True,,0088_shaking_20261008_161954.csv,0088_shaking_20261008_161954.jpg
89,Shaking,2026-10-08T16:19:54.883,2026-10-08T16:20:04.899,10.017,3,2026-10-08T16:19:57.775,2026-10-08T16:20:03.778,3.002,True,,0089_shaking_20261008_162004.csv,0089_shaking_20261008_162004.jpg
90,Shaking,2026-10-08T16:20:04.899,2026-10-08T16:20:14.925,10.026,3,2026-10-08T16:20:06.780,2026-10-08T16:20:12.788,3.004,True,,0090_shaking_20261008_162014.csv,0090_shaking_20261008_162014.jpg
91,Shaking,2026-10-08T16:20:14.925,2026-10-08T16:20:24.927,10.002,3,2026-10-08T16:20:15.794,2026-10-08T16:20:21.800,3.126,True,,0091_shaking_20261008_162024.csv,0091_shaking_20261008_162024.jpg
92,Shaking,2026-10-08T16:20:24.927,2026-10-08T16:20:30.194,5.267,2,2026-10-08T16:20:25.805,2026-10-08T16:20:28.811,3.005,False,incomplete_or_delayed_window;insufficient_samples,0092_shaking_20261008_162030.csv,
93,No activity,2026-10-08T16:20:30.195,2026-10-08T16:20:40.206,10.011,3,2026-10-08T16:20:31.815,2026-10-08T16:20:37.825,3.005,True,,0093_no_activity_20261008_162040.csv,0093_no_activity_20261008_162040.jpg
94,No activity,2026-10-08T16:20:40.206,2026-10-08T16:20:50.261,10.055,4,2026-10-08T16:20:40.829,2026-10-08T16:20:49.843,3.005,True,,0094_no_activity_20261008_162050.csv,0094_no_activity_20261008_162050.jpg
95,No activity,2026-10-08T16:20:50.261,2026-10-08T16:21:00.286,10.025,3,2026-10-08T16:20:52.847,2026-10-08T16:20:58.855,3.004,True,,0095_no_activity_20261008_162100.csv,0095_no_activity_20261008_162100.jpg
96,No activity,2026-10-08T16:21:00.286,2026-10-08T16:21:10.303,10.017,3,2026-10-08T16:21:02.859,2026-10-08T16:21:08.870,3.007,True,,0096_no_activity_20261008_162110.csv,0096_no_activity_20261008_162110.jpg
97,No activity,2026-10-08T16:21:10.303,2026-10-08T16:21:20.309,10.007,3,2026-10-08T16:21:11.892,2026-10-08T16:21:17.900,3.004,True,,0097_no_activity_20261008_162120.csv,0097_no_activity_20261008_162120.jpg
98,No activity,2026-10-08T16:21:20.309,2026-10-08T16:21:30.327,10.018,4,2026-10-08T16:21:20.904,2026-10-08T16:21:29.918,3.005,True,,0098_no_activity_20261008_162130.csv,0098_no_activity_20261008_162130.jpg
99,No activity,2026-10-08T16:21:30.327,2026-10-08T16:21:40.377,10.05,3,2026-10-08T16:21:32.922,2026-10-08T16:21:39.931,4.005,True,,0099_no_activity_20261008_162140.csv,0099_no_activity_20261008_162140.jpg
100,No activity,2026-10-08T16:21:40.377,2026-10-08T16:21:50.392,10.015,3,2026-10-08T16:21:42.935,2026-10-08T16:21:48.944,3.005,True,,0100_no_activity_20261008_162150.csv,0100_no_activity_20261008_162150.jpg
101,No activity,2026-10-08T16:21:50.392,2026-10-08T16:22:00.397,10.006,3,2026-10-08T16:21:51.949,2026-10-08T16:21:57.958,3.005,True,,0101_no_activity_20261008_162200.csv,0101_no_activity_20261008_162200.jpg
102,No activity,2026-10-08T16:22:00.397,2026-10-08T16:22:10.407,10.01,3,2026-10-08T16:22:00.961,2026-10-08T16:22:06.969,3.438,True,,0102_no_activity_20261008_162210.csv,0102_no_activity_20261008_162210.jpg
103,No activity,2026-10-08T16:22:10.407,2026-10-08T16:22:20.423,10.016,4,2026-10-08T16:22:10.975,2026-10-08T16:22:19.988,3.004,True,,0103_no_activity_20261008_162220.csv,0103_no_activity_20261008_162220.jpg
104,No activity,2026-10-08T16:22:20.423,2026-10-08T16:22:30.441,10.018,3,2026-10-08T16:22:22.993,2026-10-08T16:22:29.001,3.004,True,,0104_no_activity_20261008_162230.csv,0104_no_activity_20261008_162230.jpg
105,No activity,2026-10-08T16:22:30.441,2026-10-08T16:22:40.590,10.149,3,2026-10-08T16:22:32.005,2026-10-08T16:22:38.012,3.004,True,,0105_no_activity_20261008_162240.csv,0105_no_activity_20261008_162240.jpg
106,No activity,2026-10-08T16:22:40.590,2026-10-08T16:22:50.603,10.013,3,2026-10-08T16:22:41.016,2026-10-08T16:22:48.026,4.006,True,,0106_no_activity_20261008_162250.csv,0106_no_activity_20261008_162250.jpg
107,No activity,2026-10-08T16:22:50.603,2026-10-08T16:23:00.749,10.147,4,2026-10-08T16:22:51.029,2026-10-08T16:23:00.041,3.005,True,,0107_no_activity_20261008_162300.csv,0107_no_activity_20261008_162300.jpg
108,No activity,2026-10-08T16:23:00.749,2026-10-08T16:23:10.803,10.054,3,2026-10-08T16:23:03.046,2026-10-08T16:23:09.054,3.004,True,,0108_no_activity_20261008_162310.csv,0108_no_activity_20261008_162310.jpg
109,No activity,2026-10-08T16:23:10.803,2026-10-08T16:23:20.845,10.042,3,2026-10-08T16:23:12.058,2026-10-08T16:23:19.067,4.004,True,,0109_no_activity_20261008_162320.csv,0109_no_activity_20261008_162320.jpg
110,No activity,2026-10-08T16:23:20.845,2026-10-08T16:23:30.866,10.021,3,2026-10-08T16:23:22.072,2026-10-08T16:23:28.080,3.005,True,,0110_no_activity_20261008_162330.csv,0110_no_activity_20261008_162330.jpg
111,No activity,2026-10-08T16:23:30.866,2026-10-08T16:23:40.890,10.024,4,2026-10-08T16:23:31.085,2026-10-08T16:23:40.097,3.005,True,,0111_no_activity_20261008_162340.csv,0111_no_activity_20261008_162340.jpg
112,No activity,2026-10-08T16:23:40.890,2026-10-08T16:23:50.916,10.026,3,2026-10-08T16:23:43.102,2026-10-08T16:23:49.111,3.005,True,,0112_no_activity_20261008_162350.csv,0112_no_activity_20261008_162350.jpg
113,No activity,2026-10-08T16:23:50.916,2026-10-08T16:24:00.970,10.054,3,2026-10-08T16:23:53.116,2026-10-08T16:23:59.124,3.004,True,,0113_no_activity_20261008_162400.csv,0113_no_activity_20261008_162400.jpg
114,No activity,2026-10-08T16:24:00.970,2026-10-08T16:24:11.003,10.033,3,2026-10-08T16:24:02.128,2026-10-08T16:24:08.136,3.005,True,,0114_no_activity_20261008_162411.csv,0114_no_activity_20261008_162411.jpg
115,No activity,2026-10-08T16:24:11.003,2026-10-08T16:24:21.046,10.043,4,2026-10-08T16:24:11.141,2026-10-08T16:24:20.163,3.012,True,,0115_no_activity_20261008_162421.csv,0115_no_activity_20261008_162421.jpg
116,No activity,2026-10-08T16:24:21.046,2026-10-08T16:24:31.060,10.014,3,2026-10-08T16:24:23.167,2026-10-08T16:24:30.176,4.005,True,,0116_no_activity_20261008_162431.csv,0116_no_activity_20261008_162431.jpg
117,No activity,2026-10-08T16:24:31.060,2026-10-08T16:24:41.081,10.021,3,2026-10-08T16:24:33.181,2026-10-08T16:24:39.191,3.007,True,,0117_no_activity_20261008_162441.csv,0117_no_activity_20261008_162441.jpg
118,No activity,2026-10-08T16:24:41.081,2026-10-08T16:24:51.142,10.061,3,2026-10-08T16:24:42.196,2026-10-08T16:24:48.204,3.004,True,,0118_no_activity_20261008_162451.csv,0118_no_activity_20261008_162451.jpg
119,No activity,2026-10-08T16:24:51.142,2026-10-08T16:25:01.175,10.033,3,2026-10-08T16:24:51.209,2026-10-08T16:24:57.241,3.934,True,,0119_no_activity_20261008_162501.csv,0119_no_activity_20261008_162501.jpg
120,No activity,2026-10-08T16:25:01.175,2026-10-08T16:25:11.186,10.011,4,2026-10-08T16:25:01.246,2026-10-08T16:25:10.259,3.005,True,,0120_no_activity_20261008_162511.csv,0120_no_activity_20261008_162511.jpg
121,No activity,2026-10-08T16:25:11.186,2026-10-08T16:25:21.192,10.006,3,2026-10-08T16:25:13.263,2026-10-08T16:25:19.272,3.005,True,,0121_no_activity_20261008_162521.csv,0121_no_activity_20261008_162521.jpg
122,No activity,2026-10-08T16:25:21.192,2026-10-08T16:25:31.346,10.153,3,2026-10-08T16:25:22.277,2026-10-08T16:25:29.287,4.005,True,,0122_no_activity_20261008_162531.csv,0122_no_activity_20261008_162531.jpg
123,No activity,2026-10-08T16:25:31.346,2026-10-08T16:25:31.752,0.407,0,,,,False,incomplete_or_delayed_window;insufficient_samples,0123_no_activity_20261008_162531.csv,
124,Waving,2026-10-08T16:25:31.754,2026-10-08T16:25:41.851,10.097,4,2026-10-08T16:25:32.291,2026-10-08T16:25:41.305,3.006,True,,0124_waving_20261008_162541.csv,0124_waving_20261008_162541.jpg
125,Waving,2026-10-08T16:25:41.851,2026-10-08T16:25:51.867,10.017,3,2026-10-08T16:25:44.309,2026-10-08T16:25:50.318,3.005,True,,0125_waving_20261008_162551.csv,0125_waving_20261008_162551.jpg
126,Waving,2026-10-08T16:25:51.867,2026-10-08T16:26:01.869,10.002,3,2026-10-08T16:25:53.323,2026-10-08T16:25:59.333,3.006,True,,0126_waving_20261008_162601.csv,0126_waving_20261008_162601.jpg
127,Waving,2026-10-08T16:26:01.869,2026-10-08T16:26:11.905,10.036,3,2026-10-08T16:26:03.339,2026-10-08T16:26:09.347,3.005,True,,0127_waving_20261008_162611.csv,0127_waving_20261008_162611.jpg
128,Waving,2026-10-08T16:26:11.905,2026-10-08T16:26:21.942,10.036,4,2026-10-08T16:26:12.352,2026-10-08T16:26:21.368,3.007,True,,0128_waving_20261008_162621.csv,0128_waving_20261008_162621.jpg
129,Waving,2026-10-08T16:26:21.942,2026-10-08T16:26:32.014,10.072,3,2026-10-08T16:26:24.397,2026-10-08T16:26:30.405,3.004,True,,0129_waving_20261008_162632.csv,0129_waving_20261008_162632.jpg
130,Waving,2026-10-08T16:26:32.014,2026-10-08T16:26:42.054,10.04,3,2026-10-08T16:26:33.409,2026-10-08T16:26:40.420,4.007,True,,0130_waving_20261008_162642.csv,0130_waving_20261008_162642.jpg
131,Waving,2026-10-08T16:26:42.054,2026-10-08T16:26:52.063,10.009,3,2026-10-08T16:26:43.423,2026-10-08T16:26:49.450,3.023,True,,0131_waving_20261008_162652.csv,0131_waving_20261008_162652.jpg
132,Waving,2026-10-08T16:26:52.063,2026-10-08T16:27:02.087,10.024,4,2026-10-08T16:26:52.465,2026-10-08T16:27:01.476,3.004,True,,0132_waving_20261008_162702.csv,0132_waving_20261008_162702.jpg
133,Waving,2026-10-08T16:27:02.087,2026-10-08T16:27:12.092,10.004,3,2026-10-08T16:27:04.478,2026-10-08T16:27:11.484,4.003,True,,0133_waving_20261008_162712.csv,0133_waving_20261008_162712.jpg
134,Waving,2026-10-08T16:27:12.092,2026-10-08T16:27:22.111,10.02,3,2026-10-08T16:27:14.486,2026-10-08T16:27:20.494,3.004,True,,0134_waving_20261008_162722.csv,0134_waving_20261008_162722.jpg
135,Waving,2026-10-08T16:27:22.111,2026-10-08T16:27:32.153,10.042,3,2026-10-08T16:27:23.498,2026-10-08T16:27:29.538,3.035,True,,0135_waving_20261008_162732.csv,0135_waving_20261008_162732.jpg
136,Waving,2026-10-08T16:27:32.153,2026-10-08T16:27:42.172,10.018,4,2026-10-08T16:27:32.542,2026-10-08T16:27:41.555,3.005,True,,0136_waving_20261008_162742.csv,0136_waving_20261008_162742.jpg
137,Waving,2026-10-08T16:27:42.172,2026-10-08T16:27:52.213,10.042,3,2026-10-08T16:27:45.561,2026-10-08T16:27:51.570,3.389,True,,0137_waving_20261008_162752.csv,0137_waving_20261008_162752.jpg
138,Waving,2026-10-08T16:27:52.213,2026-10-08T16:28:02.254,10.041,3,2026-10-08T16:27:54.573,2026-10-08T16:28:00.582,3.004,True,,0138_waving_20261008_162802.csv,0138_waving_20261008_162802.jpg
139,Waving,2026-10-08T16:28:02.254,2026-10-08T16:28:12.270,10.016,3,2026-10-08T16:28:03.586,2026-10-08T16:28:09.594,3.005,True,,0139_waving_20261008_162812.csv,0139_waving_20261008_162812.jpg
140,Waving,2026-10-08T16:28:12.270,2026-10-08T16:28:22.290,10.02,3,2026-10-08T16:28:12.599,2026-10-08T16:28:19.609,4.006,True,,0140_waving_20261008_162822.csv,0140_waving_20261008_162822.jpg
141,Waving,2026-10-08T16:28:22.290,2026-10-08T16:28:32.338,10.048,4,2026-10-08T16:28:22.614,2026-10-08T16:28:31.628,3.005,True,,0141_waving_20261008_162832.csv,0141_waving_20261008_162832.jpg
142,Waving,2026-10-08T16:28:32.338,2026-10-08T16:28:42.479,10.141,3,2026-10-08T16:28:34.632,2026-10-08T16:28:40.640,3.004,True,,0142_waving_20261008_162842.csv,0142_waving_20261008_162842.jpg
143,Waving,2026-10-08T16:28:42.479,2026-10-08T16:28:52.480,10.0,3,2026-10-08T16:28:43.645,2026-10-08T16:28:49.654,3.005,True,,0143_waving_20261008_162852.csv,0143_waving_20261008_162852.jpg
144,Waving,2026-10-08T16:28:52.480,2026-10-08T16:29:02.635,10.155,3,2026-10-08T16:28:53.661,2026-10-08T16:28:59.672,3.006,True,,0144_waving_20261008_162902.csv,0144_waving_20261008_162902.jpg
145,Waving,2026-10-08T16:29:02.635,2026-10-08T16:29:12.653,10.019,4,2026-10-08T16:29:02.676,2026-10-08T16:29:11.689,3.005,True,,0145_waving_20261008_162912.csv,0145_waving_20261008_162912.jpg
146,Waving,2026-10-08T16:29:12.653,2026-10-08T16:29:22.680,10.026,3,2026-10-08T16:29:14.721,2026-10-08T16:29:20.728,3.004,True,,0146_waving_20261008_162922.csv,0146_waving_20261008_162922.jpg
147,Waving,2026-10-08T16:29:22.680,2026-10-08T16:29:32.684,10.005,3,2026-10-08T16:29:23.731,2026-10-08T16:29:30.738,4.004,True,,0147_waving_20261008_162932.csv,0147_waving_20261008_162932.jpg
148,Waving,2026-10-08T16:29:32.684,2026-10-08T16:29:42.810,10.126,4,2026-10-08T16:29:33.740,2026-10-08T16:29:42.749,3.004,True,,0148_waving_20261008_162942.csv,0148_waving_20261008_162942.jpg
149,Waving,2026-10-08T16:29:42.810,2026-10-08T16:29:52.834,10.024,3,2026-10-08T16:29:45.751,2026-10-08T16:29:51.757,3.003,True,,0149_waving_20261008_162952.csv,0149_waving_20261008_162952.jpg
150,Waving,2026-10-08T16:29:52.834,2026-10-08T16:30:02.854,10.02,3,2026-10-08T16:29:54.760,2026-10-08T16:30:01.763,4.002,True,,0150_waving_20261008_163002.csv,0150_waving_20261008_163002.jpg
151,Waving,2026-10-08T16:30:02.854,2026-10-08T16:30:12.869,10.015,3,2026-10-08T16:30:04.768,2026-10-08T16:30:10.777,3.004,True,,0151_waving_20261008_163012.csv,0151_waving_20261008_163012.jpg
152,Waving,2026-10-08T16:30:12.869,2026-10-08T16:30:22.883,10.014,4,2026-10-08T16:30:13.780,2026-10-08T16:30:22.792,3.004,True,,0152_waving_20261008_163022.csv,0152_waving_20261008_163022.jpg
153,Waving,2026-10-08T16:30:22.883,2026-10-08T16:30:32.896,10.013,3,2026-10-08T16:30:25.797,2026-10-08T16:30:31.807,3.005,True,,0153_waving_20261008_163032.csv,0153_waving_20261008_163032.jpg
154,Waving,2026-10-08T16:30:32.896,2026-10-08T16:30:36.103,3.207,1,2026-10-08T16:30:35.813,2026-10-08T16:30:35.813,2.917,False,incomplete_or_delayed_window;insufficient_samples,0154_waving_20261008_163036.csv,
155,Shaking,2026-10-08T16:30:36.105,2026-10-08T16:30:46.122,10.018,3,2026-10-08T16:30:38.818,2026-10-08T16:30:44.825,3.004,True,,0155_shaking_20261008_163046.csv,0155_shaking_20261008_163046.jpg
156,Shaking,2026-10-08T16:30:46.122,2026-10-08T16:30:56.141,10.019,3,2026-10-08T16:30:47.828,2026-10-08T16:30:53.836,3.004,True,,0156_shaking_20261008_163056.csv,0156_shaking_20261008_163056.jpg
157,Shaking,2026-10-08T16:30:56.141,2026-10-08T16:31:06.170,10.028,4,2026-10-08T16:30:56.841,2026-10-08T16:31:05.853,3.005,True,,0157_shaking_20261008_163106.csv,0157_shaking_20261008_163106.jpg
158,Shaking,2026-10-08T16:31:06.170,2026-10-08T16:31:16.192,10.022,3,2026-10-08T16:31:09.859,2026-10-08T16:31:15.885,3.69,True,,0158_shaking_20261008_163116.csv,0158_shaking_20261008_163116.jpg
159,Shaking,2026-10-08T16:31:16.192,2026-10-08T16:31:26.343,10.151,3,2026-10-08T16:31:18.912,2026-10-08T16:31:24.930,3.013,True,,0159_shaking_20261008_163126.csv,0159_shaking_20261008_163126.jpg
160,Shaking,2026-10-08T16:31:26.343,2026-10-08T16:31:36.371,10.028,3,2026-10-08T16:31:27.934,2026-10-08T16:31:33.942,3.004,True,,0160_shaking_20261008_163136.csv,0160_shaking_20261008_163136.jpg
161,Shaking,2026-10-08T16:31:36.371,2026-10-08T16:31:46.404,10.033,3,2026-10-08T16:31:36.947,2026-10-08T16:31:43.956,4.005,True,,0161_shaking_20261008_163146.csv,0161_shaking_20261008_163146.jpg
162,Shaking,2026-10-08T16:31:46.404,2026-10-08T16:31:56.433,10.03,4,2026-10-08T16:31:46.960,2026-10-08T16:31:55.973,3.005,True,,0162_shaking_20261008_163156.csv,0162_shaking_20261008_163156.jpg
163,Shaking,2026-10-08T16:31:56.433,2026-10-08T16:32:06.435,10.002,3,2026-10-08T16:31:58.976,2026-10-08T16:32:04.985,3.004,True,,0163_shaking_20261008_163206.csv,0163_shaking_20261008_163206.jpg
164,Shaking,2026-10-08T16:32:06.435,2026-10-08T16:32:16.453,10.018,3,2026-10-08T16:32:07.988,2026-10-08T16:32:13.997,3.005,True,,0164_shaking_20261008_163216.csv,0164_shaking_20261008_163216.jpg
165,Shaking,2026-10-08T16:32:16.453,2026-10-08T16:32:26.488,10.035,3,2026-10-08T16:32:18.003,2026-10-08T16:32:24.012,3.004,True,,0165_shaking_20261008_163226.csv,0165_shaking_20261008_163226.jpg
166,Shaking,2026-10-08T16:32:26.488,2026-10-08T16:32:36.513,10.025,4,2026-10-08T16:32:27.015,2026-10-08T16:32:36.027,3.005,True,,0166_shaking_20261008_163236.csv,0166_shaking_20261008_163236.jpg
167,Shaking,2026-10-08T16:32:36.513,2026-10-08T16:32:46.549,10.037,3,2026-10-08T16:32:39.031,2026-10-08T16:32:45.040,3.005,True,,0167_shaking_20261008_163246.csv,0167_shaking_20261008_163246.jpg
168,Shaking,2026-10-08T16:32:46.549,2026-10-08T16:32:56.607,10.058,3,2026-10-08T16:32:48.045,2026-10-08T16:32:55.055,4.005,True,,0168_shaking_20261008_163256.csv,0168_shaking_20261008_163256.jpg
169,Shaking,2026-10-08T16:32:56.607,2026-10-08T16:33:06.635,10.028,3,2026-10-08T16:32:58.060,2026-10-08T16:33:04.069,3.005,True,,0169_shaking_20261008_163306.csv,0169_shaking_20261008_163306.jpg
170,Shaking,2026-10-08T16:33:06.635,2026-10-08T16:33:16.639,10.004,4,2026-10-08T16:33:07.074,2026-10-08T16:33:16.088,3.005,True,,0170_shaking_20261008_163316.csv,0170_shaking_20261008_163316.jpg
171,Shaking,2026-10-08T16:33:16.639,2026-10-08T16:33:26.669,10.03,3,2026-10-08T16:33:19.092,2026-10-08T16:33:26.100,4.005,True,,0171_shaking_20261008_163326.csv,0171_shaking_20261008_163326.jpg
172,Shaking,2026-10-08T16:33:26.669,2026-10-08T16:33:36.716,10.047,3,2026-10-08T16:33:29.104,2026-10-08T16:33:35.112,3.005,True,,0172_shaking_20261008_163336.csv,0172_shaking_20261008_163336.jpg
173,Shaking,2026-10-08T16:33:36.716,2026-10-08T16:33:46.748,10.032,3,2026-10-08T16:33:38.117,2026-10-08T16:33:44.126,3.005,True,,0173_shaking_20261008_163346.csv,0173_shaking_20261008_163346.jpg
174,Shaking,2026-10-08T16:33:46.748,2026-10-08T16:33:56.768,10.021,4,2026-10-08T16:33:47.135,2026-10-08T16:33:56.148,3.005,True,,0174_shaking_20261008_163356.csv,0174_shaking_20261008_163356.jpg
175,Shaking,2026-10-08T16:33:56.768,2026-10-08T16:34:06.783,10.015,3,2026-10-08T16:34:00.154,2026-10-08T16:34:06.165,3.386,True,,0175_shaking_20261008_163406.csv,0175_shaking_20261008_163406.jpg
176,Shaking,2026-10-08T16:34:06.783,2026-10-08T16:34:16.793,10.01,3,2026-10-08T16:34:09.170,2026-10-08T16:34:15.177,3.004,True,,0176_shaking_20261008_163416.csv,0176_shaking_20261008_163416.jpg
177,Shaking,2026-10-08T16:34:16.793,2026-10-08T16:34:26.813,10.02,3,2026-10-08T16:34:18.182,2026-10-08T16:34:24.190,3.004,True,,0177_shaking_20261008_163426.csv,0177_shaking_20261008_163426.jpg
178,Shaking,2026-10-08T16:34:26.813,2026-10-08T16:34:36.957,10.144,3,2026-10-08T16:34:27.194,2026-10-08T16:34:34.204,4.006,True,,0178_shaking_20261008_163436.csv,0178_shaking_20261008_163436.jpg
179,Shaking,2026-10-08T16:34:36.957,2026-10-08T16:34:46.969,10.012,4,2026-10-08T16:34:37.209,2026-10-08T16:34:46.221,3.005,True,,0179_shaking_20261008_163446.csv,0179_shaking_20261008_163446.jpg
180,Shaking,2026-10-08T16:34:46.969,2026-10-08T16:34:56.994,10.025,3,2026-10-08T16:34:49.225,2026-10-08T16:34:55.234,3.004,True,,0180_shaking_20261008_163456.csv,0180_shaking_20261008_163456.jpg
181,Shaking,2026-10-08T16:34:56.994,2026-10-08T16:35:07.022,10.029,3,2026-10-08T16:34:58.238,2026-10-08T16:35:04.248,3.005,True,,0181_shaking_20261008_163507.csv,0181_shaking_20261008_163507.jpg
182,Shaking,2026-10-08T16:35:07.022,2026-10-08T16:35:17.071,10.049,3,2026-10-08T16:35:08.253,2026-10-08T16:35:14.261,3.004,True,,0182_shaking_20261008_163517.csv,0182_shaking_20261008_163517.jpg
183,Shaking,2026-10-08T16:35:17.071,2026-10-08T16:35:27.086,10.015,4,2026-10-08T16:35:17.266,2026-10-08T16:35:26.279,3.005,True,,0183_shaking_20261008_163527.csv,0183_shaking_20261008_163527.jpg
184,Shaking,2026-10-08T16:35:27.086,2026-10-08T16:35:37.093,10.008,3,2026-10-08T16:35:29.285,2026-10-08T16:35:35.293,3.005,True,,0184_shaking_20261008_163537.csv,0184_shaking_20261008_163537.jpg
185,Shaking,2026-10-08T16:35:37.093,2026-10-08T16:35:47.129,10.036,3,2026-10-08T16:35:38.297,2026-10-08T16:35:45.307,4.005,True,,0185_shaking_20261008_163547.csv,0185_shaking_20261008_163547.jpg
186,Shaking,2026-10-08T16:35:47.129,2026-10-08T16:35:57.147,10.018,3,2026-10-08T16:35:48.311,2026-10-08T16:35:54.321,3.005,True,,0186_shaking_20261008_163557.csv,0186_shaking_20261008_163557.jpg
187,Shaking,2026-10-08T16:35:57.147,2026-10-08T16:36:02.258,5.111,2,2026-10-08T16:35:57.324,2026-10-08T16:36:00.328,3.004,False,incomplete_or_delayed_window;insufficient_samples,0187_shaking_20261008_163602.csv,
188,Waving,2026-10-08T16:36:02.259,2026-10-08T16:36:12.261,10.002,3,2026-10-08T16:36:03.332,2026-10-08T16:36:09.341,3.005,True,,0188_waving_20261008_163612.csv,0188_waving_20261008_163612.jpg
189,Waving,2026-10-08T16:36:12.261,2026-10-08T16:36:22.409,10.148,4,2026-10-08T16:36:12.346,2026-10-08T16:36:22.362,4.005,True,,0189_waving_20261008_163622.csv,0189_waving_20261008_163622.jpg
190,Waving,2026-10-08T16:36:22.409,2026-10-08T16:36:32.414,10.005,3,2026-10-08T16:36:25.366,2026-10-08T16:36:31.403,3.021,True,,0190_waving_20261008_163632.csv,0190_waving_20261008_163632.jpg
191,Waving,2026-10-08T16:36:32.414,2026-10-08T16:36:42.439,10.025,3,2026-10-08T16:36:34.424,2026-10-08T16:36:40.431,3.004,True,,0191_waving_20261008_163642.csv,0191_waving_20261008_163642.jpg
192,Waving,2026-10-08T16:36:42.439,2026-10-08T16:36:52.455,10.016,3,2026-10-08T16:36:43.435,2026-10-08T16:36:50.446,4.006,True,,0192_waving_20261008_163652.csv,0192_waving_20261008_163652.jpg
193,Waving,2026-10-08T16:36:52.455,2026-10-08T16:37:02.515,10.061,4,2026-10-08T16:36:53.449,2026-10-08T16:37:02.462,3.004,True,,0193_waving_20261008_163702.csv,0193_waving_20261008_163702.jpg
194,Waving,2026-10-08T16:37:02.515,2026-10-08T16:37:08.041,5.526,1,2026-10-08T16:37:05.465,2026-10-08T16:37:05.465,2.95,False,incomplete_or_delayed_window;insufficient_samples,0194_waving_20261008_163708.csv,
